zip_code,value,latitude,longitude
90015,416,34.0434,-118.2716
92101,387,32.7185,-117.1593
90028,355,34.1005,-118.3254
90036,352,34.0699,-118.3492
91913,306,32.6513,-116.9852
92336,305,34.1173,-117.4378
90045,297,33.9631,-118.3941
90302,272,33.9745,-118.3548
90016,262,34.0298,-118.3528
91367,260,34.1767,-118.6159
94565,241,38.0031,-121.9172
91601,240,34.1687,-118.3713
95835,237,38.6626,-121.4834
91730,234,34.107,-117.5941
92618,233,33.7074,-117.7054
90008,229,34.0116,-118.3411
90017,228,34.0559,-118.2666
90043,226,33.9871,-118.3321
94544,220,37.6374,-122.067
90250,220,33.9143,-118.3493
90012,217,34.0614,-118.2385
92883,217,33.7541,-117.474
90046,216,34.1074,-118.3652
90745,214,33.823,-118.2684
90047,210,33.9569,-118.3073
90746,205,33.8584,-118.2554
91344,201,34.2771,-118.4992
91710,200,34.0125,-117.6844
91203,200,34.1517,-118.2636
94591,197,38.0985,-122.2124
90034,197,34.029,-118.4005
91350,192,34.4336,-118.5007
90706,192,33.8867,-118.1265
91709,190,33.9797,-117.7308
92019,186,32.7777,-116.9191
92154,184,32.5753,-117.0707
94568,183,37.7166,-121.9226
94531,183,37.9658,-121.7758
90650,182,33.9056,-118.0818
91326,179,34.2619,-118.582
92108,179,32.7783,-117.1335
90019,179,34.0482,-118.3343
90049,178,34.066,-118.474
90018,177,34.029,-118.3152
90280,177,33.9462,-118.2013
91761,176,34.0316,-117.6187
90805,176,33.8635,-118.1801
90044,174,33.9551,-118.2901
94612,174,37.8085,-122.2668
91504,173,34.2001,-118.3264
90802,172,33.7706,-118.182
94533,167,38.2671,-122.0357
90241,166,33.9416,-118.1306
90301,166,33.955,-118.3556
90035,165,34.0531,-118.3806
94605,163,37.7641,-122.1633
90305,162,33.9583,-118.3259
94513,161,37.9324,-121.6894
95123,161,37.2458,-121.8306
93551,160,34.6017,-118.231
91335,159,34.2007,-118.5391
91311,152,34.2583,-118.5914
90807,151,33.8315,-118.1811
91342,151,34.3054,-118.4322
90292,150,33.9779,-118.4525
90066,150,34.003,-118.4298
92503,149,33.9208,-117.4589
90278,148,33.8707,-118.3715
92660,148,33.6295,-117.8684
91405,148,34.2001,-118.4456
91915,147,32.6315,-116.9408
92373,145,34.0397,-117.1804
92555,143,33.9377,-117.1851
91739,141,34.1705,-117.5182
92592,141,33.4983,-117.0958
94607,140,37.8071,-122.2851
92612,139,33.6607,-117.8264
95757,138,38.4081,-121.4294
91423,138,34.1526,-118.4322
90247,137,33.8925,-118.2961
90640,136,34.0133,-118.113
91605,136,34.2057,-118.4001
90004,135,34.0762,-118.3029
92584,134,33.6647,-117.1743
91606,133,34.1872,-118.3865
90731,133,33.7339,-118.2914
91604,132,34.143,-118.3913
92782,132,33.7346,-117.7869
90262,132,33.9241,-118.2013
90038,131,34.0898,-118.3215
92707,130,33.7086,-117.8701
91364,130,34.1557,-118.6
92602,129,33.7419,-117.7467
91764,128,34.0763,-117.6254
92376,127,34.1132,-117.3771
92120,127,32.7958,-117.0707
95834,127,38.6383,-121.5072
91206,126,34.1556,-118.2322
94561,126,37.994,-121.7036
94534,126,38.2423,-122.1314
90703,125,33.8669,-118.0686
90026,125,34.0766,-118.2646
92805,123,33.8359,-117.9086
91910,122,32.6371,-117.0676
91302,121,34.1419,-118.6641
91403,121,34.1514,-118.4603
91607,120,34.1672,-118.3989
92507,119,33.9761,-117.3389
90005,119,34.0585,-118.3012
95136,119,37.2685,-121.849
90255,118,33.9769,-118.2161
90303,117,33.9377,-118.3321
91202,116,34.1652,-118.2656
91001,116,34.1912,-118.1392
91324,116,34.2367,-118.5466
95833,116,38.6157,-121.5053
92880,114,33.9208,-117.6096
92563,114,33.569,-117.1783
90048,114,34.0737,-118.372
91762,114,34.0584,-117.6665
92882,114,33.8419,-117.6043
94611,114,37.8471,-122.2223
90220,113,33.8748,-118.2402
95020,112,37.0139,-121.5773
91104,112,34.1678,-118.1261
92553,112,33.9157,-117.2351
93311,112,35.3039,-119.1056
90723,111,33.8969,-118.1632
94541,111,37.674,-122.0894
92614,111,33.6829,-117.8298
90240,111,33.9581,-118.1174
95687,111,38.3482,-121.9538
90210,110,34.0901,-118.4065
91786,110,34.1144,-117.6583
90712,109,33.8512,-118.1457
92880,108,33.9208,-117.6096
95112,108,37.3476,-121.887
90056,108,33.9853,-118.3707
91107,107,34.151,-118.0889
90230,106,33.9949,-118.3991
95823,106,38.4797,-121.4438
95624,106,38.4232,-121.3599
91306,106,34.2092,-118.5749
91401,106,34.1802,-118.4324
90069,105,34.0906,-118.3788
91205,105,34.1378,-118.2425
92648,104,33.6773,-118.0051
95127,104,37.3692,-121.8208
94547,104,38.0066,-122.2637
93722,104,36.7918,-119.8801
90631,104,33.9331,-117.9493
91911,103,32.6084,-117.0565
94606,103,37.7957,-122.2429
95747,102,38.7703,-121.3372
94542,101,37.6586,-122.0472
92620,101,33.7009,-117.7564
95035,100,37.4352,-121.895
91201,99,34.1716,-118.2899
95648,99,38.8942,-121.2908
92647,99,33.721,-118.0033
91387,99,34.4132,-118.426
94578,98,37.7024,-122.124
90221,98,33.8796,-118.2168
94608,97,37.8365,-122.2804
94080,97,37.6574,-122.4235
95758,97,38.4243,-121.437
91316,97,34.1655,-118.5175
90503,96,33.8397,-118.3542
92626,95,33.6801,-117.9085
90011,94,34.0079,-118.2582
90025,94,34.0447,-118.4487
92407,94,34.2166,-117.3908
92562,94,33.5631,-117.2738
91016,94,34.144,-118.0014
91745,93,33.9977,-117.9652
94610,93,37.8126,-122.2443
91708,93,33.954,-117.6404
90660,93,33.9886,-118.0883
91501,92,34.1862,-118.3009
92130,92,32.9555,-117.2252
90815,92,33.7939,-118.1192
91766,91,34.0418,-117.7569
91601,91,34.1687,-118.3713
92656,91,33.5701,-117.7086
92627,91,33.6483,-117.9155
92683,91,33.7524,-117.9939
90242,91,33.9218,-118.1395
95121,90,37.3042,-121.8099
91977,89,32.724,-116.9976
95209,89,38.0377,-121.3445
94609,89,37.8361,-122.2637
95125,89,37.296,-121.8939
95128,89,37.3163,-121.9356
92705,88,33.754,-117.7919
94804,88,37.9265,-122.3342
92879,87,33.8797,-117.5354
90014,87,34.0443,-118.2509
92114,86,32.7059,-117.0524
91744,86,34.0289,-117.9373
90605,86,33.9413,-118.0356
90804,86,33.7857,-118.1357
94587,86,37.5895,-122.0497
90630,85,33.8181,-118.0357
91942,85,32.7835,-117.0189
92557,85,33.9553,-117.2457
90068,85,34.1156,-118.3305
90037,85,34.003,-118.2863
90027,85,34.104,-118.2925
91801,84,34.0914,-118.1293
92392,84,34.4802,-117.4082
95148,83,37.3304,-121.7913
91784,83,34.141,-117.6581
90620,83,33.8439,-118.008
92704,83,33.7249,-117.909
90249,83,33.8998,-118.3199
90024,83,34.0637,-118.4408
93727,82,36.7528,-119.7061
91042,82,34.2544,-118.2849
91352,82,34.2209,-118.3699
93535,82,34.7131,-117.8783
95376,82,37.7383,-121.4345
92571,81,33.811,-117.218
91702,81,34.1248,-117.9031
91367,81,34.1767,-118.6159
91356,81,34.1671,-118.5414
94523,80,37.954,-122.0737
92374,80,34.065,-117.1672
93065,80,34.2656,-118.7653
90222,80,33.9099,-118.2357
95355,79,37.6717,-120.9482
91340,79,34.2875,-118.4352
95206,79,37.9177,-121.3123
90260,79,33.8879,-118.351
92223,78,33.9504,-116.9701
95219,78,38.01,-121.3698
95054,78,37.3924,-121.9623
92570,78,33.7852,-117.3166
92337,78,34.0498,-117.4706
92505,77,33.9228,-117.4867
93313,77,35.2974,-119.0509
90401,77,34.0176,-118.4907
92126,77,32.9161,-117.1402
91505,77,34.169,-118.3442
92504,77,33.9315,-117.4119
91406,77,34.2006,-118.4868
92335,76,34.0794,-117.4551
95828,76,38.4826,-121.4006
92078,75,33.1193,-117.185
90062,75,34.0032,-118.3073
91106,75,34.1435,-118.1266
91387,75,34.4132,-118.426
95765,74,38.8136,-121.2677
93536,74,34.7471,-118.3687
91722,74,34.0972,-117.9065
95076,74,36.9102,-121.7569
94501,74,37.7706,-122.2648
91331,74,34.2556,-118.4208
91773,74,34.1023,-117.8169
91325,74,34.2353,-118.5188
94545,73,37.6332,-122.0971
94596,73,37.9053,-122.0549
90013,73,34.0448,-118.2434
91436,73,34.151,-118.4882
90020,73,34.0665,-118.3022
92509,73,34.0033,-117.445
90212,73,34.0619,-118.3995
92869,73,33.7868,-117.7934
94520,72,37.9823,-122.0362
90064,72,34.0353,-118.4259
93720,72,36.8579,-119.7655
92203,72,33.7532,-116.2676
94601,72,37.7806,-122.2166
92596,71,33.6243,-117.0885
91103,71,34.1669,-118.1551
92545,71,33.7399,-117.0151
92677,71,33.5145,-117.7084
91307,70,34.1963,-118.6389
92110,70,32.7635,-117.2028
92123,70,32.7973,-117.1392
92324,69,34.0315,-117.2874
92530,69,33.6598,-117.3485
92532,68,33.6927,-117.303
94015,68,37.6787,-122.478
91343,68,34.2366,-118.4758
90059,68,33.9293,-118.2463
91767,68,34.0812,-117.7362
95377,68,37.6567,-121.4955
95630,68,38.6709,-121.1529
94577,68,37.7205,-122.1587
91204,68,34.1379,-118.2599
92646,67,33.6654,-117.9686
90501,67,33.8268,-118.3118
90010,67,34.0606,-118.3027
91941,67,32.7604,-117.0115
90638,67,33.9067,-118.0101
92127,67,33.0279,-117.0856
92868,66,33.7875,-117.8776
94014,66,37.6875,-122.4388
92122,66,32.8577,-117.2115
93619,66,36.8432,-119.6518
90002,66,33.9497,-118.2462
90806,66,33.8045,-118.1876
91381,66,34.3775,-118.6131
94509,65,37.9939,-121.8089
90744,65,33.7855,-118.2645
91326,65,34.2619,-118.582
91402,65,34.2262,-118.447
91770,65,34.0658,-118.0853
92139,65,32.6806,-117.0474
93458,64,34.9535,-120.4957
90094,64,33.9728,-118.4276
93534,64,34.6909,-118.1491
91344,64,34.2771,-118.4992
93906,64,36.7103,-121.6438
93306,64,35.3867,-118.9391
91752,64,33.9938,-117.5236
94538,64,37.5308,-121.9712
94582,64,37.7636,-121.9155
94597,64,37.9182,-122.0717
92064,64,32.9756,-117.0402
95050,64,37.3492,-121.953
92806,63,33.8356,-117.8681
91950,62,32.6749,-117.0897
90046,62,34.1074,-118.3652
92104,62,32.7454,-117.1272
95363,62,37.4826,-121.1648
90006,62,34.0493,-118.2917
92109,61,32.7969,-117.2405
92708,61,33.7102,-117.9503
92057,61,33.2407,-117.3025
95051,61,37.3483,-121.9844
90232,61,34.0168,-118.3973
95116,61,37.3518,-121.8508
94503,61,38.1668,-122.2553
91602,61,34.151,-118.3663
92804,61,33.8186,-117.9729
91304,61,34.2197,-118.6111
90031,60,34.0783,-118.2113
92124,60,32.8201,-117.0986
90270,60,33.989,-118.1877
90277,60,33.8307,-118.3832
94112,60,37.7195,-122.4411
95391,60,37.7695,-121.5397
90094,60,33.9728,-118.4276
92867,60,33.811,-117.8493
94560,60,37.5368,-122.032
90065,60,34.1073,-118.2266
92345,60,34.4222,-117.3025
91356,60,34.1671,-118.5414
92506,59,33.9455,-117.3757
90057,59,34.0622,-118.2763
91978,59,32.7329,-116.9596
94521,59,37.9575,-121.975
94403,59,37.5395,-122.2998
90042,59,34.1145,-118.1929
92115,59,32.7607,-117.0721
95691,58,38.5673,-121.5516
91506,58,34.1717,-118.3231
92102,58,32.7139,-117.1219
95330,58,37.8209,-121.2827
91381,58,34.3775,-118.6131
94603,58,37.7402,-122.171
92058,58,33.1959,-117.3795
94122,58,37.7593,-122.4836
92692,58,33.6144,-117.6433
92105,58,32.7423,-117.0947
94103,58,37.7725,-122.4147
91790,57,34.0673,-117.9366
94585,57,38.2408,-122.042
94086,57,37.3764,-122.0238
95037,57,37.1353,-121.6501
95008,57,37.2803,-121.9539
90602,57,33.9693,-118.0337
90404,56,34.0268,-118.4733
95678,56,38.7609,-121.2867
91354,56,34.4466,-118.5374
94124,56,37.7309,-122.3886
92024,56,33.0535,-117.2689
95111,56,37.2827,-121.8265
94107,56,37.7621,-122.3971
94066,56,37.6247,-122.429
93036,56,34.2351,-119.182
92630,55,33.6437,-117.6868
91355,55,34.3985,-118.5535
90803,55,33.7619,-118.1341
92551,55,33.8814,-117.2261
91914,54,32.6587,-116.9652
90604,54,33.9299,-118.0121
91354,54,34.4466,-118.5374
94109,54,37.7917,-122.4186
94505,54,37.8989,-121.6054
94590,54,38.1053,-122.2474
95122,54,37.3293,-121.8339
94536,54,37.5605,-121.9999
90601,54,34.0011,-118.0371
95337,53,37.7808,-121.2344
94553,53,37.9864,-122.135
91208,53,34.1921,-118.235
92821,53,33.9291,-117.8845
92508,53,33.8897,-117.3043
95404,53,38.4405,-122.7144
95831,53,38.4962,-121.5297
92234,52,33.8098,-116.4665
93063,52,34.3046,-118.6844
95816,52,38.5728,-121.4675
90003,52,33.9653,-118.2727
93312,52,35.3935,-119.1205
95023,51,36.8337,-121.3439
92663,51,33.621,-117.9321
94518,51,37.9504,-122.0263
91335,51,34.2007,-118.5391
92103,51,32.7466,-117.1636
92111,51,32.7972,-117.1708
90067,51,34.0551,-118.4095
95124,51,37.2563,-121.9229
92629,51,33.4743,-117.6964
94546,50,37.7015,-122.0782
91740,50,34.1287,-117.8552
93314,50,35.3863,-119.17
92801,50,33.8428,-117.9546
90248,50,33.8766,-118.2835
90029,50,34.09,-118.2944
90813,50,33.782,-118.1835
92840,50,33.7869,-117.9273
92881,50,33.8241,-117.5198
91040,49,34.2618,-118.3371
91701,49,34.1376,-117.5999
92117,49,32.8239,-117.1965
94063,49,37.4815,-122.2091
93455,49,34.8286,-120.4268
91724,49,34.0938,-117.856
91352,49,34.2209,-118.3699
92116,49,32.7624,-117.1242
91791,49,34.0653,-117.8978
94806,49,37.9724,-122.3369
91303,49,34.1993,-118.5983
93291,49,36.3551,-119.301
90606,48,33.9777,-118.0658
91763,48,34.0733,-117.6987
92113,48,32.697,-117.1153
92026,48,33.1605,-117.0978
93637,48,36.9403,-120.082
92886,48,33.9058,-117.7865
90021,48,34.0333,-118.2447
95822,48,38.5091,-121.4935
91342,47,34.3054,-118.4322
92394,47,34.5563,-117.3528
93030,47,34.2141,-119.175
93010,47,34.2313,-119.0464
93711,47,36.8303,-119.8319
90245,47,33.9243,-118.4119
93550,47,34.4133,-118.0917
92833,47,33.8766,-117.9551
90063,47,34.0451,-118.1859
92585,47,33.7467,-117.1721
94583,47,37.7562,-121.9522
90032,47,34.0818,-118.1753
90810,47,33.8193,-118.2325
91423,46,34.1526,-118.4322
92020,46,32.7928,-116.9665
95126,46,37.3249,-121.9153
91311,46,34.2583,-118.5914
95207,46,38.0024,-121.3238
91737,46,34.1467,-117.5803
92780,46,33.7364,-117.8229
92703,45,33.7489,-117.9072
94589,45,38.1582,-122.2804
94565,45,38.0031,-121.9172
91750,45,34.1159,-117.7708
92657,45,33.5943,-117.8334
92807,45,33.8544,-117.7858
90039,45,34.1121,-118.2594
94580,44,37.6787,-122.1295
92887,44,33.8841,-117.7304
94621,44,37.7589,-122.1853
91604,44,34.143,-118.3913
92128,44,33.0067,-117.069
93309,44,35.3384,-119.0627
90603,44,33.9432,-117.9927
94806,43,37.9724,-122.3369
90405,43,34.01,-118.4717
91362,43,34.1948,-118.8232
92346,43,34.1283,-117.2087
91607,43,34.1672,-118.3989
91780,43,34.1016,-118.0537
95110,43,37.3391,-121.9016
95820,43,38.5347,-121.4451
93611,42,36.8253,-119.6802
90670,42,33.9464,-118.0838
95826,42,38.5539,-121.3693
91304,42,34.2197,-118.6111
91606,42,34.1872,-118.3865
91776,42,34.089,-118.0955
91331,42,34.2556,-118.4208
90755,42,33.8029,-118.1677
91945,42,32.7332,-117.0326
92129,42,32.9652,-117.1213
90814,42,33.7716,-118.148
92253,42,33.6685,-116.3081
90504,42,33.8708,-118.3295
95677,41,38.7877,-121.2366
94513,41,37.9324,-121.6894
92131,41,32.9123,-117.0898
92084,41,33.2131,-117.2243
92071,41,32.8486,-116.9862
92404,41,34.1426,-117.2606
91411,41,34.1781,-118.4574
91902,41,32.6671,-117.0221
90265,41,34.0402,-118.7351
91351,41,34.4262,-118.449
91765,41,34.0066,-117.8098
94710,41,37.8696,-122.2959
95407,41,38.4089,-122.7339
95829,41,38.4689,-121.344
91789,40,34.0183,-117.8546
91605,40,34.2057,-118.4001
93552,40,34.5715,-118.0231
92107,40,32.7425,-117.2433
90001,40,33.9731,-118.2479
91401,40,34.1802,-118.4324
95608,40,38.6284,-121.3287
93274,40,36.2022,-119.338
91792,40,34.0229,-117.8975
94134,39,37.719,-122.4096
95815,39,38.6093,-121.4443
90275,39,33.7515,-118.367
95382,39,37.5239,-120.8517
92802,39,33.8085,-117.9228
95688,39,38.3847,-121.9887
90701,39,33.8654,-118.0731
92313,39,34.031,-117.3129
90403,39,34.0287,-118.4924
94303,39,37.4673,-122.1388
91403,38,34.1514,-118.4603
92201,38,33.7207,-116.2168
95403,38,38.4822,-122.7473
91602,38,34.151,-118.3663
92307,38,34.5291,-117.2132
93257,38,36.0686,-119.0315
94602,38,37.8011,-122.2104
90007,38,34.0294,-118.2871
94608,38,37.8365,-122.2804
90061,38,33.9245,-118.2716
95356,38,37.7005,-121.0252
91732,37,34.0705,-118.0149
94526,37,37.814,-121.966
92069,37,33.1444,-117.1697
91411,37,34.1781,-118.4574
93612,37,36.8149,-119.7106
94519,37,37.9841,-122.0119
92119,37,32.8036,-117.0261
95212,37,38.0315,-121.2589
90502,37,33.8286,-118.292
92021,36,32.8178,-116.9223
92701,36,33.7523,-117.8541
94025,36,37.4396,-122.1864
90710,36,33.797,-118.2991
94010,35,37.5671,-122.3676
91741,35,34.1537,-117.8437
95901,35,39.1663,-121.5105
94619,35,37.7878,-122.1884
90621,35,33.8772,-117.9893
94506,35,37.8321,-121.9167
95993,35,39.1237,-121.6611
93725,35,36.6207,-119.7308
92509,35,34.0033,-117.445
92649,35,33.718,-118.0505
95210,35,38.025,-121.2972
93021,35,34.2784,-118.8771
95032,35,37.2417,-121.9554
94705,35,37.8571,-122.25
93901,35,36.6677,-121.6596
93307,34,35.3275,-118.9839
92582,34,33.7883,-116.9819
92354,34,34.0528,-117.2513
93101,34,34.4197,-119.7078
91207,34,34.1649,-118.2451
91406,34,34.2006,-118.4868
91768,34,34.0662,-117.7763
92843,34,33.7671,-117.929
95135,34,37.2974,-121.7562
90715,34,33.8405,-118.0767
93033,34,34.1685,-119.1717
90720,34,33.7956,-118.0648
92211,34,33.7644,-116.3398
90211,33,34.0652,-118.383
92308,33,34.4698,-117.1927
90808,33,33.8241,-118.1103
94044,33,37.6196,-122.4816
91343,33,34.2366,-118.4758
94110,33,37.7509,-122.4153
94588,33,37.6873,-121.8957
91723,33,34.086,-117.8843
93933,33,36.6849,-121.7934
92625,33,33.6021,-117.8743
92040,33,32.8562,-116.9201
92027,33,33.1388,-117.052
92590,33,33.4903,-117.1824
94123,33,37.7999,-122.4342
91010,33,34.1407,-117.9567
95350,33,37.6746,-121.0113
92841,32,33.7817,-117.9766
92860,32,33.9247,-117.5517
94550,32,37.683,-121.763
92688,32,33.6512,-117.5938
93638,32,37.0402,-120.0335
92870,32,33.8744,-117.8543
92808,32,33.8579,-117.7513
91803,32,34.0745,-118.1434
92675,32,33.5085,-117.6565
92672,32,33.4361,-117.6231
94566,32,37.6658,-121.8755
91303,31,34.1993,-118.5983
94402,31,37.5507,-122.3276
92832,31,33.868,-117.9265
93905,31,36.6811,-121.6176
95204,31,37.9743,-121.3154
95240,31,38.1222,-121.2555
95120,31,37.2144,-121.8574
90043,31,33.9871,-118.3321
91502,31,34.1745,-118.3059
91752,31,33.9938,-117.5236
90077,31,34.1112,-118.4502
95762,31,38.685,-121.068
92037,31,32.8455,-117.2521
91390,31,34.4684,-118.5261
92591,31,33.5217,-117.1286
91711,31,34.1092,-117.7183
93230,30,36.3314,-119.6491
94401,30,37.5735,-122.3225
91325,30,34.2353,-118.5188
94105,30,37.7864,-122.3892
94549,30,37.8961,-122.1119
93012,30,34.2218,-118.9866
90254,30,33.8643,-118.3955
94043,30,37.4056,-122.0775
94702,30,37.8656,-122.2851
91405,30,34.2001,-118.4456
95134,30,37.4087,-121.9406
91304,30,34.2197,-118.6111
95367,29,37.7298,-120.942
90022,29,34.0245,-118.1561
94803,29,37.9693,-122.2901
91006,29,34.1324,-118.0264
95401,29,38.4432,-122.7547
91316,29,34.1655,-118.5175
92316,29,34.0662,-117.3993
92395,29,34.5016,-117.2944
95391,29,37.7695,-121.5397
91101,29,34.1468,-118.1391
91042,29,34.2544,-118.2849
93706,29,36.6486,-119.9987
95661,29,38.7346,-121.234
95131,28,37.3864,-121.88
94952,28,38.2403,-122.6777
92028,28,33.369,-117.229
95621,28,38.6952,-121.3075
90304,28,33.9379,-118.3586
94040,28,37.3855,-122.088
91770,28,34.0658,-118.0853
94579,28,37.6892,-122.1507
95119,28,37.2329,-121.7875
92056,28,33.1968,-117.2831
92694,28,33.5472,-117.6238
95368,28,37.7083,-121.0864
91384,28,34.4827,-118.6254
94118,28,37.7812,-122.4614
92706,28,33.7691,-117.8855
94116,28,37.7441,-122.4863
91324,28,34.2367,-118.5466
94552,28,37.7131,-122.0381
94102,28,37.7813,-122.4167
92320,27,33.9946,-117.043
92595,27,33.6021,-117.264
94551,27,37.7526,-121.77
92081,27,33.1644,-117.2403
90033,27,34.0487,-118.2084
91364,27,34.1557,-118.6
95132,27,37.4031,-121.8585
95670,27,38.6072,-121.2761
90713,27,33.8473,-118.1115
95307,27,37.5833,-120.9496
90040,27,33.9909,-118.1532
91355,27,34.3985,-118.5535
92301,27,34.5841,-117.4242
90732,27,33.742,-118.3121
92065,27,33.0293,-116.8535
93454,27,34.9545,-120.4325
94085,27,37.3886,-122.0177
91932,27,32.5783,-117.1148
90717,27,33.7938,-118.3172
95825,26,38.5892,-121.4057
95811,26,38.5762,-121.488
90041,26,34.1339,-118.2082
93940,26,36.5802,-121.8443
90291,26,33.9938,-118.4635
92037,26,32.8455,-117.2521
94510,26,38.0685,-122.1614
92653,26,33.5916,-117.6985
92240,26,33.9531,-116.5219
92691,26,33.6128,-117.6622
92270,26,33.7643,-116.4225
95742,26,38.5981,-121.2153
91401,26,34.1802,-118.4324
90201,26,33.9653,-118.1515
95380,25,37.4888,-120.8535
94539,25,37.5176,-121.9287
90293,25,33.9577,-118.4373
94089,25,37.3983,-122.0006
91754,25,34.0534,-118.1271
90274,25,33.7669,-118.3806
91105,25,34.1355,-118.1636
90069,25,34.0906,-118.3788
92657,25,33.5943,-117.8334
91345,25,34.2619,-118.4587
92606,25,33.6951,-117.8224
94404,25,37.5538,-122.27
95843,25,38.7159,-121.3648
93723,25,36.7863,-119.9532
95628,25,38.6554,-121.2611
95531,25,41.7817,-124.1332
90731,24,33.7339,-118.2914
90631,24,33.9331,-117.9493
93955,24,36.6217,-121.7935
93060,24,34.3547,-119.0713
91748,24,33.9818,-117.8969
95928,24,39.7224,-121.8113
91709,24,33.9797,-117.7308
91935,24,32.7163,-116.8323
90266,24,33.8896,-118.3996
90505,24,33.8106,-118.3507
91345,24,34.2619,-118.4587
91746,24,34.0443,-117.9862
91214,24,34.2316,-118.2457
91436,24,34.151,-118.4882
93401,24,35.2635,-120.6509
91331,24,34.2556,-118.4208
92544,24,33.739,-116.9243
91775,24,34.1155,-118.0857
92399,24,34.0282,-117.0489
92694,23,33.5472,-117.6238
91343,23,34.2366,-118.4758
92835,23,33.8994,-117.9063
91306,23,34.2092,-118.5749
95301,23,37.3489,-120.6028
91301,23,34.1227,-118.7573
96003,23,40.6278,-122.353
92651,23,33.5429,-117.7813
93730,23,36.8878,-119.7589
92583,22,33.7967,-116.9324
92025,22,33.1101,-117.07
95818,22,38.5568,-121.4929
95405,22,38.4386,-122.6727
92543,22,33.7416,-116.973
94502,22,37.7351,-122.2431
94706,22,37.89,-122.2954
94061,22,37.4647,-122.2304
94115,22,37.7856,-122.4358
95304,22,37.7319,-121.4096
95620,22,38.4403,-121.8088
95358,22,37.6237,-121.0438
95133,22,37.3729,-121.856
91325,21,34.2353,-118.5188
95361,21,37.7741,-120.8377
92673,21,33.4615,-117.6375
93215,21,35.7715,-119.2459
95360,21,37.3097,-121.0805
95138,21,37.2602,-121.7709
90043,21,33.9871,-118.3321
91402,21,34.2262,-118.447
90022,21,34.0245,-118.1561
91706,21,34.0964,-117.9682
94070,21,37.4969,-122.2674
92377,21,34.1561,-117.4042
90201,20,33.9653,-118.1515
95118,20,37.2568,-121.8896
90623,20,33.8491,-118.0398
92009,20,33.0954,-117.2619
94002,20,37.5174,-122.2927
90048,20,34.0737,-118.372
94618,20,37.8431,-122.2402
93630,20,36.7306,-120.0724
92603,20,33.6245,-117.794
94117,20,37.7712,-122.4413
91011,20,34.2217,-118.2051
94928,20,38.347,-122.6941
93292,19,36.3302,-119.2921
95842,19,38.6865,-121.3494
94805,19,37.9417,-122.3238
90201,19,33.9653,-118.1515
90023,19,34.0245,-118.1975
91214,19,34.2316,-118.2457
92029,19,33.0895,-117.1128
91401,19,34.1802,-118.4324
91602,19,34.151,-118.3663
92243,19,32.7893,-115.5665
91326,19,34.2619,-118.582
94306,19,37.418,-122.1274
91321,19,34.3795,-118.523
94801,19,37.94,-122.362
94087,19,37.3502,-122.0349
91362,19,34.1948,-118.8232
93263,19,35.497,-119.2801
95348,18,37.3302,-120.508
92173,18,32.5626,-117.043
90058,18,33.9994,-118.2133
91020,18,34.2114,-118.2305
94595,18,37.8753,-122.0703
95814,18,38.5804,-121.4922
94598,18,37.9194,-122.0259
95821,18,38.6239,-121.3837
91350,18,34.4336,-118.5007
91360,18,34.2092,-118.8739
93305,18,35.3855,-118.986
94555,18,37.5735,-122.0469
91320,18,34.1774,-118.9358
95215,18,37.9551,-121.2041
94901,18,37.9691,-122.5105
92408,18,34.0831,-117.2711
95336,18,37.8134,-121.2132
95492,18,38.5443,-122.8073
93004,18,34.2788,-119.1651
92410,17,34.1069,-117.2975
92878,17,33.8753,-117.5664
92251,17,32.847,-115.573
94949,17,38.0618,-122.5404
91007,17,34.1243,-118.0515
95476,17,38.2849,-122.4696
93304,17,35.3396,-119.0218
94559,17,38.2904,-122.2841
94947,17,38.0973,-122.5837
94530,17,37.9156,-122.2985
91406,17,34.2006,-118.4868
94564,17,37.9969,-122.2875
91755,17,34.048,-118.115
95014,17,37.318,-122.0449
95117,17,37.3108,-121.9623
93927,17,36.3202,-121.2451
93704,17,36.7991,-119.8016
92865,16,33.8263,-117.8511
95205,16,37.9625,-121.2624
91361,16,34.1472,-118.8383
92844,16,33.7661,-117.9738
91367,16,34.1767,-118.6159
94558,16,38.4549,-122.2564
94062,16,37.4245,-122.296
93203,16,35.1966,-118.8336
91030,16,34.1109,-118.1547
94572,16,38.0307,-122.2581
92220,16,33.9282,-116.8899
93950,16,36.6167,-121.922
93035,16,34.1822,-119.216
91040,16,34.2618,-118.3371
95354,15,37.6409,-120.9749
95357,15,37.6693,-120.8817
92118,15,32.6807,-117.1698
95746,15,38.7435,-121.1897
91411,15,34.1781,-118.4574
93117,15,34.4296,-119.8612
90274,15,33.7669,-118.3806
95605,15,38.5927,-121.5325
93710,15,36.8236,-119.7621
92106,15,32.7272,-117.2268
95341,15,37.2308,-120.5144
91303,15,34.1993,-118.5983
90680,15,33.7991,-117.9956
94108,15,37.7929,-122.4079
95351,15,37.6236,-120.9966
91351,15,34.4262,-118.449
95827,15,38.5662,-121.3286
92501,15,33.9924,-117.3694
95670,15,38.6072,-121.2761
93245,15,36.2682,-119.8173
95838,15,38.6406,-121.444
95242,15,38.1308,-121.3345
94133,15,37.8002,-122.4091
93436,15,34.6583,-120.4506
93015,14,34.3992,-118.9182
92625,14,33.6021,-117.8743
95129,14,37.3066,-122.0002
92010,14,33.1639,-117.3009
92679,14,33.6625,-117.5903
95973,14,39.8032,-121.8673
94131,14,37.745,-122.4383
95841,14,38.6627,-121.3406
92866,14,33.7877,-117.8423
92082,14,33.249,-117.0122
95776,14,38.6808,-121.7411
95610,14,38.6946,-121.2692
93960,14,36.4196,-121.3243
93726,14,36.7949,-119.7604
92831,14,33.8873,-117.8946
92845,14,33.7787,-118.0267
94158,14,37.7694,-122.3867
91901,13,32.8282,-116.7543
94803,13,37.9693,-122.2901
92231,13,32.6832,-115.5028
91011,13,34.2217,-118.2051
90290,13,34.1076,-118.6023
95616,13,38.5538,-121.7418
95060,13,37.0313,-122.1198
90807,13,33.8315,-118.1811
93613,13,36.8252,-119.7029
93003,13,34.2846,-119.2222
95030,13,37.2296,-121.9834
95991,13,39.1051,-121.6202
94954,13,38.2507,-122.6155
95819,13,38.5683,-121.4366
94507,13,37.8537,-122.0229
94903,13,38.0339,-122.5855
91307,13,34.1963,-118.6389
93422,13,35.4754,-120.6638
95817,13,38.5498,-121.4583
91302,13,34.1419,-118.6641
93705,12,36.7863,-119.8286
95366,12,37.7491,-121.1284
92604,12,33.6899,-117.7868
90272,12,34.0481,-118.5265
93041,12,34.1626,-119.1973
93543,12,34.4891,-117.9708
92344,12,34.4239,-117.4075
95503,12,40.7592,-124.1593
95693,12,38.3983,-121.2303
90230,12,33.9949,-118.3991
95926,12,39.7458,-121.8444
91801,12,34.0914,-118.1293
94121,12,37.7786,-122.4892
94704,12,37.8664,-122.257
95003,12,36.9797,-121.8902
95650,12,38.8071,-121.1698
94127,12,37.7354,-122.4571
91335,12,34.2007,-118.5391
92411,12,34.1214,-117.3172
94030,12,37.6004,-122.402
93908,12,36.6011,-121.6729
90025,11,34.0447,-118.4487
94114,11,37.7587,-122.433
95316,11,37.539,-120.7758
93105,11,34.4369,-119.7285
91715,11,34.0197,-117.9587
92277,11,34.1455,-116.0601
90716,11,33.8296,-118.073
91320,11,34.1774,-118.9358
90810,11,33.8193,-118.2325
91606,11,34.1872,-118.3865
92284,11,34.1559,-116.4313
95660,11,38.6707,-121.3781
93654,11,36.6044,-119.4378
92617,11,33.6425,-117.8417
94945,11,38.1163,-122.5714
93420,11,35.1661,-120.4651
94132,11,37.7211,-122.4754
94102,11,37.7813,-122.4167
92586,11,33.7044,-117.1969
92861,11,33.8205,-117.8104
92610,11,33.6748,-117.6649
91733,11,34.0557,-118.0444
93907,11,36.7563,-121.6703
94404,11,37.5538,-122.27
95153,11,37.2488,-121.8459
93635,11,37.0627,-120.8544
91731,11,34.0791,-118.0371
91357,11,34.1733,-118.554
94019,11,37.4791,-122.4459
93103,11,34.4291,-119.6833
90807,11,33.8315,-118.1811
95045,11,36.8463,-121.5346
95326,11,37.5964,-120.8627
93013,11,34.4036,-119.5183
92656,10,33.5701,-117.7086
93308,10,35.4244,-119.0433
94941,10,37.8958,-122.5339
92236,10,33.675,-116.1772
90740,10,33.7602,-118.0808
93110,10,34.4418,-119.7647
90272,10,34.0481,-118.5265
91214,10,34.2316,-118.2457
93001,10,34.3308,-119.3584
92173,10,32.5626,-117.043
93618,10,36.5349,-119.3909
91210,10,34.1425,-118.2551
93401,10,35.2635,-120.6509
92831,10,33.8873,-117.8946
93662,10,36.5695,-119.617
91387,10,34.4132,-118.426
94525,10,38.0519,-122.2177
91307,9,34.1963,-118.6389
94111,9,37.7974,-122.4001
94022,9,37.3814,-122.1258
90293,9,33.9577,-118.4373
90744,9,33.7855,-118.2645
94112,9,37.7195,-122.4411
95632,9,38.2691,-121.3
92067,9,33.005,-117.2157
90046,9,34.1074,-118.3652
95422,9,38.9576,-122.636
91024,9,34.1651,-118.0519
90045,9,33.9631,-118.3941
93657,9,36.7243,-119.5478
90038,9,34.0898,-118.3215
91901,9,32.8282,-116.7543
95482,9,39.1552,-123.1951
92679,9,33.6625,-117.5903
90292,9,33.9779,-118.4525
95070,9,37.2713,-122.0227
92587,9,33.707,-117.245
92054,9,33.2072,-117.3573
92555,9,33.9377,-117.1851
90745,9,33.823,-118.2684
92203,9,33.7532,-116.2676
91733,9,34.0557,-118.0444
92011,9,33.1072,-117.2943
95113,9,37.3329,-121.8916
95334,9,37.3763,-120.7252
95046,9,37.0911,-121.5999
95961,8,39.0861,-121.5497
95824,8,38.5178,-121.4419
93625,8,36.6282,-119.671
94965,8,37.8601,-122.4946
92008,8,33.1602,-117.325
94592,8,38.0968,-122.2699
92262,8,33.8414,-116.5347
93210,8,36.1624,-120.3489
95758,8,38.4243,-121.437
93250,8,35.6758,-119.2272
92075,8,32.9937,-117.2598
91361,8,34.1472,-118.8383
92656,8,33.5701,-117.7086
93247,8,36.2096,-119.0884
94939,8,37.9367,-122.5362
94563,8,37.8787,-122.1728
92359,8,34.0774,-117.1126
91602,8,34.151,-118.3663
95340,8,37.2983,-120.4649
91303,8,34.1993,-118.5983
95864,8,38.5878,-121.3769
92344,8,34.4239,-117.4075
94925,8,37.9223,-122.5132
92655,8,33.7446,-117.984
94611,8,37.8471,-122.2223
92227,8,32.9792,-115.5296
93536,8,34.7471,-118.3687
91377,8,34.185,-118.7669
95662,7,38.6845,-121.2256
90028,7,34.1005,-118.3254
96150,7,38.917,-119.9865
93446,7,35.6406,-120.7003
94301,7,37.4443,-122.1497
92102,7,32.7139,-117.1219
92014,7,32.9665,-117.249
93728,7,36.7581,-119.8113
92223,7,33.9504,-116.9701
92260,7,33.7225,-116.377
92264,7,33.8018,-116.517
92821,7,33.9291,-117.8845
92823,7,33.923,-117.798
93060,7,34.3547,-119.0713
95139,7,37.2252,-121.7687
90016,7,34.0298,-118.3528
94303,7,37.4673,-122.1388
92405,7,34.1446,-117.3013
93636,7,36.9528,-119.8806
90028,7,34.1005,-118.3254
95642,7,38.3545,-120.7573
90045,7,33.9631,-118.3941
92121,7,32.8919,-117.2035
95658,7,38.8763,-121.143
90043,7,33.9871,-118.3321
95472,7,38.3941,-122.8433
95682,7,38.6465,-120.9641
93065,7,34.2656,-118.7653
95020,6,37.0139,-121.5773
90022,6,34.0245,-118.1561
94062,6,37.4245,-122.296
94517,6,37.9154,-121.91
91381,6,34.3775,-118.6131
93510,6,34.4835,-118.1959
94931,6,38.3259,-122.7048
90292,6,33.9779,-118.4525
90809,6,33.7866,-118.2987
93277,6,36.3114,-119.3065
90019,6,34.0482,-118.3343
93560,6,34.8664,-118.3409
95231,6,37.878,-121.2827
94043,6,37.4056,-122.0775
91962,6,32.835,-116.5127
90029,6,34.09,-118.2944
90009,6,34.0522,-118.2437
90069,6,34.0906,-118.3788
90714,6,33.8512,-118.1339
91321,6,34.3795,-118.523
95673,6,38.6895,-121.4479
95391,6,37.7695,-121.5397
90291,6,33.9938,-118.4635
91203,6,34.1517,-118.2636
95388,6,37.4014,-120.6045
90027,6,34.104,-118.2925
91108,6,34.1207,-118.1117
90049,6,34.066,-118.474
91020,6,34.2114,-118.2305
96007,6,40.4574,-122.3282
92662,6,33.6062,-117.8931
90274,6,33.7669,-118.3806
95961,6,39.0861,-121.5497
93702,6,36.74,-119.7532
92352,6,34.2606,-117.2016
92802,6,33.8085,-117.9228
92083,6,33.1978,-117.2482
92567,6,33.8123,-117.1048
94544,6,37.6374,-122.067
92610,6,33.6748,-117.6649
93444,6,35.0298,-120.4894
90712,6,33.8512,-118.1457
90008,6,34.0116,-118.3411
90402,6,34.0349,-118.503
95603,6,38.9115,-121.08
92312,5,34.8986,-117.0228
91752,5,33.9938,-117.5236
94541,5,37.674,-122.0894
93219,5,35.8744,-119.281
90015,5,34.0434,-118.2716
95202,5,37.9606,-121.2871
91342,5,34.3054,-118.4322
90247,5,33.8925,-118.2961
92587,5,33.707,-117.245
94542,5,37.6586,-122.0472
91913,5,32.6513,-116.9852
94533,5,38.2671,-122.0357
95830,5,38.4896,-121.2772
92592,5,33.4983,-117.0958
96021,5,39.9296,-122.196
94703,5,37.863,-122.2749
95127,5,37.3692,-121.8208
95631,5,39.0682,-120.7224
95118,5,37.2568,-121.8896
92694,5,33.5472,-117.6238
94041,5,37.3893,-122.0783
95377,5,37.6567,-121.4955
91402,5,34.2262,-118.447
91354,5,34.4466,-118.5374
95409,5,38.4592,-122.6393
90603,5,33.9432,-117.9927
92354,5,34.0528,-117.2513
95051,5,37.3483,-121.9844
94112,5,37.7195,-122.4411
90220,5,33.8748,-118.2402
95012,5,36.7658,-121.758
95062,5,36.9721,-121.9881
93033,5,34.1685,-119.1717
92317,5,34.2112,-117.0796
91701,5,34.1376,-117.5999
90743,5,33.7264,-118.0833
90250,5,33.9143,-118.3493
93022,5,34.402,-119.2982
94533,5,38.2671,-122.0357
91913,5,32.6513,-116.9852
93561,5,35.1322,-118.449
91361,5,34.1472,-118.8383
92026,5,33.1605,-117.0978
90732,5,33.742,-118.3121
91745,5,33.9977,-117.9652
95010,5,36.9767,-121.9555
96001,5,40.5605,-122.4116
95683,5,38.5143,-121.0964
93433,5,35.121,-120.6173
93301,4,35.3866,-119.0171
92407,4,34.2166,-117.3908
94920,4,37.8843,-122.4637
90071,4,34.0529,-118.2549
91737,4,34.1467,-117.5803
92003,4,33.294,-117.1897
90240,4,33.9581,-118.1174
92108,4,32.7783,-117.1335
93021,4,34.2784,-118.8771
90742,4,33.7164,-118.069
94608,4,37.8365,-122.2804
91387,4,34.4132,-118.426
92107,4,32.7425,-117.2433
92101,4,32.7185,-117.1593
90015,4,34.0434,-118.2716
95949,4,39.1193,-121.0938
94556,4,37.8437,-122.1242
96022,4,40.3691,-122.3375
90802,4,33.7706,-118.182
91364,4,34.1557,-118.6
91316,4,34.1655,-118.5175
90746,4,33.8584,-118.2554
92585,4,33.7467,-117.1721
92026,4,33.1605,-117.0978
93451,4,35.9004,-120.5929
91730,4,34.107,-117.5941
94121,4,37.7786,-122.4892
90058,4,33.9994,-118.2133
95757,4,38.4081,-121.4294
94571,4,38.1637,-121.7016
91367,4,34.1767,-118.6159
94065,4,37.5331,-122.2486
94124,4,37.7309,-122.3886
92555,4,33.9377,-117.1851
90012,4,34.0614,-118.2385
92551,4,33.8814,-117.2261
90019,4,34.0482,-118.3343
91326,4,34.2619,-118.582
94601,4,37.7806,-122.2166
94188,4,37.7749,-122.4194
95758,4,38.4243,-121.437
92311,4,34.8914,-117.0387
90703,4,33.8669,-118.0686
90042,4,34.1145,-118.1929
91343,4,34.2366,-118.4758
94024,4,37.3547,-122.0862
91011,4,34.2217,-118.2051
90302,4,33.9745,-118.3548
95066,4,37.0597,-122.0152
95832,4,38.4695,-121.4883
93737,4,36.7477,-119.7724
92114,4,32.7059,-117.0524
93280,4,35.648,-119.4487
90045,4,33.9631,-118.3941
95642,4,38.3545,-120.7573
92821,4,33.9291,-117.8845
95966,4,39.4877,-121.4698
94010,4,37.5671,-122.3676
92065,4,33.0293,-116.8535
94305,4,37.4236,-122.1619
95667,4,38.7195,-120.8046
95126,4,37.3249,-121.9153
90814,4,33.7716,-118.148
95536,4,40.5259,-124.2514
91784,4,34.141,-117.6581
93924,4,36.4787,-121.7244
92675,4,33.5085,-117.6565
92821,4,33.9291,-117.8845
92110,4,32.7635,-117.2028
92202,4,33.7529,-116.0556
94513,4,37.9324,-121.6894
90043,4,33.9871,-118.3321
94107,4,37.7621,-122.3971
91913,4,32.6513,-116.9852
90302,4,33.9745,-118.3548
95519,4,40.9465,-124.0834
90046,4,34.1074,-118.3652
91745,4,33.9977,-117.9652
90069,4,34.0906,-118.3788
95437,4,39.4402,-123.7703
95130,4,37.2886,-121.9818
93644,4,37.3476,-119.6449
95695,4,38.6816,-121.8052
92091,4,32.9623,-117.0462
93230,4,36.3314,-119.6491
91745,4,33.9977,-117.9652
92136,3,32.6834,-117.1219
94521,3,37.9575,-121.975
95519,3,40.9465,-124.0834
90048,3,34.0737,-118.372
94564,3,37.9969,-122.2875
91206,3,34.1556,-118.2322
92530,3,33.6598,-117.3485
92241,3,33.8763,-116.354
90041,3,34.1339,-118.2082
91709,3,33.9797,-117.7308
92651,3,33.5429,-117.7813
95004,3,36.8769,-121.6324
90069,3,34.0906,-118.3788
91411,3,34.1781,-118.4574
91764,3,34.0763,-117.6254
92407,3,34.2166,-117.3908
93618,3,36.5349,-119.3909
94105,3,37.7864,-122.3892
94122,3,37.7593,-122.4836
94022,3,37.3814,-122.1258
95630,3,38.6709,-121.1529
94565,3,38.0031,-121.9172
95030,3,37.2296,-121.9834
90805,3,33.8635,-118.1801
92649,3,33.718,-118.0505
91605,3,34.2057,-118.4001
91745,3,33.9977,-117.9652
90746,3,33.8584,-118.2554
91413,3,34.1511,-118.4492
90703,3,33.8669,-118.0686
91748,3,33.9818,-117.8969
96161,3,39.3385,-120.1729
91208,3,34.1921,-118.235
91326,3,34.2619,-118.582
92007,3,33.023,-117.2745
90255,3,33.9769,-118.2161
91522,3,34.1808,-118.309
92019,3,32.7777,-116.9191
95540,3,40.5835,-124.1473
90046,3,34.1074,-118.3652
91351,3,34.4262,-118.449
90017,3,34.0559,-118.2666
95562,3,40.4987,-124.1102
91390,3,34.4684,-118.5261
91752,3,33.9938,-117.5236
90813,3,33.782,-118.1835
92679,3,33.6625,-117.5903
93622,3,36.8651,-120.47
95073,3,37.0048,-121.9507
94158,3,37.7694,-122.3867
90026,3,34.0766,-118.2646
90037,3,34.003,-118.2863
91326,3,34.2619,-118.582
94103,3,37.7725,-122.4147
93546,3,37.6094,-118.8656
94109,3,37.7917,-122.4186
92337,3,34.0498,-117.4706
90035,3,34.0531,-118.3806
95240,3,38.1222,-121.2555
90745,3,33.823,-118.2684
94550,3,37.683,-121.763
92101,3,32.7185,-117.1593
91311,3,34.2583,-118.5914
95220,3,38.2004,-121.2186
92274,3,33.5578,-116.1572
90028,3,34.1005,-118.3254
90045,3,33.9631,-118.3941
93637,3,36.9403,-120.082
91324,3,34.2367,-118.5466
92647,3,33.721,-118.0033
95648,3,38.8942,-121.2908
93923,3,36.5457,-121.8949
94014,3,37.6875,-122.4388
92612,3,33.6607,-117.8264
93637,3,36.9403,-120.082
94706,3,37.89,-122.2954
92252,3,34.1502,-116.3038
95448,3,38.6184,-122.862
90802,3,33.7706,-118.182
93463,3,34.6488,-120.1701
92371,3,34.4449,-117.5196
93637,3,36.9403,-120.082
92656,3,33.5701,-117.7086
92804,3,33.8186,-117.9729
92114,3,32.7059,-117.0524
91351,3,34.4262,-118.449
94542,3,37.6586,-122.0472
92109,3,32.7969,-117.2405
94510,3,38.0685,-122.1614
94533,3,38.2671,-122.0357
93267,3,36.1472,-119.0792
95404,3,38.4405,-122.7144
93550,3,34.4133,-118.0917
91802,3,34.0953,-118.127
95602,3,38.9829,-121.0944
92256,3,34.0606,-116.5656
90046,3,34.1074,-118.3652
93675,3,36.7071,-119.1814
91401,3,34.1802,-118.4324
92861,3,33.8205,-117.8104
95618,3,38.5449,-121.7405
91423,3,34.1526,-118.4322
93552,3,34.5715,-118.0231
95901,3,39.1663,-121.5105
95747,3,38.7703,-121.3372
91607,3,34.1672,-118.3989
94904,3,37.9479,-122.5363
90503,3,33.8397,-118.3542
95003,3,36.9797,-121.8902
95451,3,38.9421,-122.7777
94565,3,38.0031,-121.9172
90640,3,34.0133,-118.113
90016,3,34.0298,-118.3528
92254,3,33.545,-116.0187
95033,3,37.1539,-121.9816
95470,3,39.2779,-123.2243
93631,3,36.508,-119.5433
91364,3,34.1557,-118.6
92019,3,32.7777,-116.9191
95823,3,38.4797,-121.4438
90745,3,33.823,-118.2684
91367,3,34.1767,-118.6159
93727,3,36.7528,-119.7061
95678,3,38.7609,-121.2867
90046,3,34.1074,-118.3652
95959,3,39.3017,-120.9717
93223,3,36.3002,-119.2054
91784,3,34.141,-117.6581
93111,3,34.4453,-119.8025
94127,3,37.7354,-122.4571
90047,3,33.9569,-118.3073
92603,3,33.6245,-117.794
95121,3,37.3042,-121.8099
95608,3,38.6284,-121.3287
92201,3,33.7207,-116.2168
91942,3,32.7835,-117.0189
90028,3,34.1005,-118.3254
94024,3,37.3547,-122.0862
90047,3,33.9569,-118.3073
91103,3,34.1669,-118.1551
91708,3,33.954,-117.6404
91214,3,34.2316,-118.2457
93648,3,36.6103,-119.5375
94599,3,38.4016,-122.3608
93257,2,36.0686,-119.0315
90036,2,34.0699,-118.3492
94707,2,37.8927,-122.2761
92508,2,33.8897,-117.3043
91403,2,34.1514,-118.4603
91344,2,34.2771,-118.4992
92780,2,33.7364,-117.8229
94546,2,37.7015,-122.0782
95835,2,38.6626,-121.4834
91316,2,34.1655,-118.5175
94127,2,37.7354,-122.4571
94107,2,37.7621,-122.3971
95838,2,38.6406,-121.444
90008,2,34.0116,-118.3411
92342,2,34.7499,-117.3367
90069,2,34.0906,-118.3788
90304,2,33.9379,-118.3586
91601,2,34.1687,-118.3713
95036,2,37.424,-121.906
95551,2,40.6589,-124.2251
93458,2,34.9535,-120.4957
90504,2,33.8708,-118.3295
94110,2,37.7509,-122.4153
90037,2,34.003,-118.2863
92109,2,32.7969,-117.2405
92101,2,32.7185,-117.1593
95621,2,38.6952,-121.3075
91354,2,34.4466,-118.5374
94063,2,37.4815,-122.2091
95322,2,37.2001,-121.0047
92314,2,34.261,-116.8131
92833,2,33.8766,-117.9551
91602,2,34.151,-118.3663
92882,2,33.8419,-117.6043
92225,2,33.6103,-114.5963
91342,2,34.3054,-118.4322
92675,2,33.5085,-117.6565
90004,2,34.0762,-118.3029
91331,2,34.2556,-118.4208
90720,2,33.7956,-118.0648
92672,2,33.4361,-117.6231
92404,2,34.1426,-117.2606
93721,2,36.7377,-119.7843
92808,2,33.8579,-117.7513
94960,2,37.9846,-122.5711
91773,2,34.1023,-117.8169
94578,2,37.7024,-122.124
93434,2,34.96,-120.5703
94580,2,37.6787,-122.1295
93246,2,36.1389,-119.8947
90292,2,33.9779,-118.4525
91387,2,34.4132,-118.426
94585,2,38.2408,-122.042
92592,2,33.4983,-117.0958
92596,2,33.6243,-117.0885
90250,2,33.9143,-118.3493
92069,2,33.1444,-117.1697
90017,2,34.0559,-118.2666
92336,2,34.1173,-117.4378
90815,2,33.7939,-118.1192
90504,2,33.8708,-118.3295
93241,2,35.2571,-118.9124
95640,2,38.3324,-120.9418
95832,2,38.4695,-121.4883
91367,2,34.1767,-118.6159
90745,2,33.823,-118.2684
95391,2,37.7695,-121.5397
95971,2,39.9284,-120.9698
92074,2,32.9628,-117.0359
91304,2,34.2197,-118.6111
93023,2,34.4451,-119.2565
94605,2,37.7641,-122.1633
94707,2,37.8927,-122.2761
91792,2,34.0229,-117.8975
91601,2,34.1687,-118.3713
90230,2,33.9949,-118.3991
94118,2,37.7812,-122.4614
91791,2,34.0653,-117.8978
90025,2,34.0447,-118.4487
90731,2,33.7339,-118.2914
90027,2,34.104,-118.2925
94803,2,37.9693,-122.2901
95404,2,38.4405,-122.7144
90806,2,33.8045,-118.1876
92618,2,33.7074,-117.7054
95377,2,37.6567,-121.4955
94553,2,37.9864,-122.135
90036,2,34.0699,-118.3492
90254,2,33.8643,-118.3955
92807,2,33.8544,-117.7858
90026,2,34.0766,-118.2646
95818,2,38.5568,-121.4929
94535,2,38.2743,-121.9463
92624,2,33.46,-117.6632
93449,2,35.1578,-120.6522
91739,2,34.1705,-117.5182
93619,2,36.8432,-119.6518
91387,2,34.4132,-118.426
94552,2,37.7131,-122.0381
94014,2,37.6875,-122.4388
90501,2,33.8268,-118.3118
92345,2,34.4222,-117.3025
93001,2,34.3308,-119.3584
94577,2,37.7205,-122.1587
91350,2,34.4336,-118.5007
93111,2,34.4453,-119.8025
95747,2,38.7703,-121.3372
92150,2,32.7153,-117.1573
93722,2,36.7918,-119.8801
90242,2,33.9218,-118.1395
90275,2,33.7515,-118.367
95678,2,38.7609,-121.2867
95258,2,38.1551,-121.3086
92883,2,33.7541,-117.474
95148,2,37.3304,-121.7913
90247,2,33.8925,-118.2961
91411,2,34.1781,-118.4574
93221,2,36.3041,-119.1293
90008,2,34.0116,-118.3411
92806,2,33.8356,-117.8681
93933,2,36.6849,-121.7934
90746,2,33.8584,-118.2554
94109,2,37.7917,-122.4186
92064,2,32.9756,-117.0402
93555,2,35.6225,-117.6709
94503,2,38.1668,-122.2553
90036,2,34.0699,-118.3492
92805,2,33.8359,-117.9086
91709,2,33.9797,-117.7308
92614,2,33.6829,-117.8298
90603,2,33.9432,-117.9927
91302,2,34.1419,-118.6641
94109,2,37.7917,-122.4186
91401,2,34.1802,-118.4324
91739,2,34.1705,-117.5182
94111,2,37.7974,-122.4001
94541,2,37.674,-122.0894
90806,2,33.8045,-118.1876
95903,2,39.1115,-121.3604
91761,2,34.0316,-117.6187
90620,2,33.8439,-118.008
94523,2,37.954,-122.0737
94611,2,37.8471,-122.2223
91942,2,32.7835,-117.0189
90731,2,33.7339,-118.2914
94577,2,37.7205,-122.1587
91741,2,34.1537,-117.8437
91910,2,32.6371,-117.0676
95338,2,37.4931,-119.9219
94615,2,37.8067,-122.3004
92877,2,33.8753,-117.5664
91402,2,34.2262,-118.447
91040,2,34.2618,-118.3371
90047,2,33.9569,-118.3073
90221,2,33.8796,-118.2168
91766,2,34.0418,-117.7569
92865,2,33.8263,-117.8511
91361,2,34.1472,-118.8383
90019,2,34.0482,-118.3343
94014,2,37.6875,-122.4388
92115,2,32.7607,-117.0721
91711,2,34.1092,-117.7183
92587,2,33.707,-117.245
91746,2,34.0443,-117.9862
95123,2,37.2458,-121.8306
92069,2,33.1444,-117.1697
94305,2,37.4236,-122.1619
93514,2,37.5014,-118.4048
94574,2,38.5138,-122.4619
95006,2,37.1547,-122.1365
93616,2,36.6543,-119.5929
94134,2,37.719,-122.4096
91011,2,34.2217,-118.2051
92128,2,33.0067,-117.069
91343,2,34.2366,-118.4758
92677,2,33.5145,-117.7084
91770,2,34.0658,-118.0853
94577,2,37.7205,-122.1587
92584,2,33.6647,-117.1743
94535,2,38.2743,-121.9463
92336,2,34.1173,-117.4378
91352,2,34.2209,-118.3699
94403,2,37.5395,-122.2998
94577,2,37.7205,-122.1587
93405,2,35.2901,-120.6817
95402,2,38.4399,-122.7096
92281,2,33.038,-115.5914
90041,2,34.1339,-118.2082
94019,2,37.4791,-122.4459
95252,2,38.162,-120.8572
93311,2,35.3039,-119.1056
94803,2,37.9693,-122.2901
90048,2,34.0737,-118.372
92253,2,33.6685,-116.3081
91325,2,34.2353,-118.5188
93108,2,34.4378,-119.6159
92337,2,34.0498,-117.4706
91356,2,34.1671,-118.5414
95203,2,37.9532,-121.3116
94574,2,38.5138,-122.4619
93311,2,35.3039,-119.1056
96130,2,40.3983,-120.6464
91502,2,34.1745,-118.3059
94188,2,37.7749,-122.4194
95953,2,39.2601,-121.6923
91364,2,34.1557,-118.6
91601,2,34.1687,-118.3713
95552,2,40.3316,-123.3904
91601,2,34.1687,-118.3713
90275,2,33.7515,-118.367
91752,2,33.9938,-117.5236
91601,2,34.1687,-118.3713
93930,2,36.2028,-121.1273
93660,2,36.6059,-120.1889
90044,2,33.9551,-118.2901
92637,2,33.6103,-117.7253
95501,2,40.7938,-124.1573
94546,2,37.7015,-122.0782
92130,2,32.9555,-117.2252
91607,2,34.1672,-118.3989
91601,2,34.1687,-118.3713
90045,2,33.9631,-118.3941
94112,2,37.7195,-122.4411
92679,2,33.6625,-117.5903
94112,2,37.7195,-122.4411
92549,2,33.7304,-116.7107
93445,2,35.1019,-120.608
95123,2,37.2458,-121.8306
90012,2,34.0614,-118.2385
90047,2,33.9569,-118.3073
91791,2,34.0653,-117.8978
96097,2,41.7206,-122.6376
93523,2,34.9261,-117.9351
90005,2,34.0585,-118.3012
95076,2,36.9102,-121.7569
93063,2,34.3046,-118.6844
90602,2,33.9693,-118.0337
92139,2,32.6806,-117.0474
91784,2,34.141,-117.6581
91326,2,34.2619,-118.582
95328,2,37.5591,-120.9148
94804,2,37.9265,-122.3342
90304,2,33.9379,-118.3586
90706,2,33.8867,-118.1265
93235,2,36.3856,-119.2189
92071,2,32.8486,-116.9862
92101,2,32.7185,-117.1593
92656,2,33.5701,-117.7086
90044,2,33.9551,-118.2901
93031,2,34.0324,-119.1343
90211,2,34.0652,-118.383
95020,2,37.0139,-121.5773
92083,2,33.1978,-117.2482
94611,2,37.8471,-122.2223
95816,2,38.5728,-121.4675
92115,2,32.7607,-117.0721
90278,2,33.8707,-118.3715
91602,2,34.151,-118.3663
95604,2,38.9029,-121.067
92165,2,32.7153,-117.1573
91008,2,34.149,-117.9644
93610,2,37.1014,-120.2691
92504,2,33.9315,-117.4119
91106,2,34.1435,-118.1266
93536,2,34.7471,-118.3687
94080,2,37.6574,-122.4235
94505,2,37.8989,-121.6054
91607,2,34.1672,-118.3989
91745,2,33.9977,-117.9652
92656,2,33.5701,-117.7086
91326,2,34.2619,-118.582
91605,2,34.2057,-118.4001
94928,2,38.347,-122.6941
91040,2,34.2618,-118.3371
91402,2,34.2262,-118.447
95021,2,37.0095,-121.5705
91730,2,34.107,-117.5941
91951,2,32.6781,-117.0992
95020,2,37.0139,-121.5773
94304,2,37.4334,-122.1842
92109,2,32.7969,-117.2405
92116,2,32.7624,-117.1242
90720,2,33.7956,-118.0648
94566,2,37.6658,-121.8755
94609,2,37.8361,-122.2637
91203,2,34.1517,-118.2636
95330,2,37.8209,-121.2827
92101,2,32.7185,-117.1593
92584,2,33.6647,-117.1743
93711,2,36.8303,-119.8319
95521,2,40.8742,-124.0765
92704,2,33.7249,-117.909
91010,2,34.1407,-117.9567
90034,2,34.029,-118.4005
91604,2,34.143,-118.3913
91423,2,34.1526,-118.4322
95206,2,37.9177,-121.3123
92661,2,33.6045,-117.9021
94530,2,37.9156,-122.2985
92868,2,33.7875,-117.8776
90503,2,33.8397,-118.3542
91406,2,34.2006,-118.4868
92113,2,32.697,-117.1153
93311,2,35.3039,-119.1056
90015,2,34.0434,-118.2716
95820,2,38.5347,-121.4451
94105,2,37.7864,-122.3892
95129,2,37.3066,-122.0002
91381,2,34.3775,-118.6131
94531,2,37.9658,-121.7758
91381,2,34.3775,-118.6131
95005,2,37.0882,-122.0887
91913,2,32.6513,-116.9852
91702,2,34.1248,-117.9031
91739,2,34.1705,-117.5182
90043,2,33.9871,-118.3321
92646,2,33.6654,-117.9686
91006,2,34.1324,-118.0264
93906,2,36.7103,-121.6438
93302,2,35.3733,-119.0187
92236,2,33.675,-116.1772
94510,2,38.0685,-122.1614
90057,2,34.0622,-118.2763
91207,2,34.1649,-118.2451
91770,1,34.0658,-118.0853
91913,1,32.6513,-116.9852
91605,1,34.2057,-118.4001
91423,1,34.1526,-118.4322
91791,1,34.0653,-117.8978
90019,1,34.0482,-118.3343
90731,1,33.7339,-118.2914
91979,1,32.7448,-116.9989
90650,1,33.9056,-118.0818
90018,1,34.029,-118.3152
94618,1,37.8431,-122.2402
94931,1,38.3259,-122.7048
92707,1,33.7086,-117.8701
91754,1,34.0534,-118.1271
94513,1,37.9324,-121.6894
94534,1,38.2423,-122.1314
95403,1,38.4822,-122.7473
94587,1,37.5895,-122.0497
91103,1,34.1669,-118.1551
91762,1,34.0584,-117.6665
90048,1,34.0737,-118.372
90275,1,33.7515,-118.367
91423,1,34.1526,-118.4322
90068,1,34.1156,-118.3305
94534,1,38.2423,-122.1314
92103,1,32.7466,-117.1636
91740,1,34.1287,-117.8552
92335,1,34.0794,-117.4551
95742,1,38.5981,-121.2153
91362,1,34.1948,-118.8232
90301,1,33.955,-118.3556
90278,1,33.8707,-118.3715
90012,1,34.0614,-118.2385
94539,1,37.5176,-121.9287
90016,1,34.0298,-118.3528
90501,1,33.8268,-118.3118
90292,1,33.9779,-118.4525
92653,1,33.5916,-117.6985
90262,1,33.9241,-118.2013
90038,1,34.0898,-118.3215
93036,1,34.2351,-119.182
94928,1,38.347,-122.6941
91387,1,34.4132,-118.426
94503,1,38.1668,-122.2553
90012,1,34.0614,-118.2385
90249,1,33.8998,-118.3199
93927,1,36.3202,-121.2451
95828,1,38.4826,-121.4006
93551,1,34.6017,-118.231
92119,1,32.8036,-117.0261
91411,1,34.1781,-118.4574
92059,1,33.3777,-117.0717
95304,1,37.7319,-121.4096
95628,1,38.6554,-121.2611
90746,1,33.8584,-118.2554
92807,1,33.8544,-117.7858
95065,1,37.0089,-121.9849
90230,1,33.9949,-118.3991
91605,1,34.2057,-118.4001
91902,1,32.6671,-117.0221
94112,1,37.7195,-122.4411
92102,1,32.7139,-117.1219
95528,1,40.507,-123.9743
92261,1,33.6604,-116.4082
92867,1,33.811,-117.8493
93066,1,34.2798,-119.0115
90015,1,34.0434,-118.2716
92630,1,33.6437,-117.6868
91350,1,34.4336,-118.5007
94603,1,37.7402,-122.171
96080,1,40.1795,-122.2383
94544,1,37.6374,-122.067
90220,1,33.8748,-118.2402
90056,1,33.9853,-118.3707
91739,1,34.1705,-117.5182
95426,1,38.8155,-122.7132
91730,1,34.107,-117.5941
94132,1,37.7211,-122.4754
91607,1,34.1672,-118.3989
94550,1,37.683,-121.763
95161,1,37.3894,-121.8868
90746,1,33.8584,-118.2554
91345,1,34.2619,-118.4587
90255,1,33.9769,-118.2161
90280,1,33.9462,-118.2013
91913,1,32.6513,-116.9852
93040,1,34.4352,-118.7855
93010,1,34.2313,-119.0464
90068,1,34.1156,-118.3305
91011,1,34.2217,-118.2051
94506,1,37.8321,-121.9167
94501,1,37.7706,-122.2648
92880,1,33.9208,-117.6096
90746,1,33.8584,-118.2554
91934,1,32.6249,-116.1952
92648,1,33.6773,-118.0051
90606,1,33.9777,-118.0658
93625,1,36.6282,-119.671
91606,1,34.1872,-118.3865
93030,1,34.2141,-119.175
95206,1,37.9177,-121.3123
91915,1,32.6315,-116.9408
91505,1,34.169,-118.3442
93727,1,36.7528,-119.7061
90042,1,34.1145,-118.1929
94533,1,38.2671,-122.0357
90280,1,33.9462,-118.2013
91801,1,34.0914,-118.1293
90062,1,34.0032,-118.3073
95401,1,38.4432,-122.7547
95757,1,38.4081,-121.4294
91304,1,34.2197,-118.6111
94531,1,37.9658,-121.7758
91913,1,32.6513,-116.9852
90241,1,33.9416,-118.1306
93535,1,34.7131,-117.8783
95039,1,36.8175,-121.7773
95917,1,39.4162,-121.7189
94025,1,37.4396,-122.1864
95757,1,38.4081,-121.4294
94925,1,37.9223,-122.5132
93309,1,35.3384,-119.0627
91356,1,34.1671,-118.5414
92037,1,32.8455,-117.2521
95076,1,36.9102,-121.7569
94560,1,37.5368,-122.032
92108,1,32.7783,-117.1335
93257,1,36.0686,-119.0315
92596,1,33.6243,-117.0885
93460,1,34.624,-120.0713
92102,1,32.7139,-117.1219
90056,1,33.9853,-118.3707
90004,1,34.0762,-118.3029
92806,1,33.8356,-117.8681
91701,1,34.1376,-117.5999
92801,1,33.8428,-117.9546
90046,1,34.1074,-118.3652
91605,1,34.2057,-118.4001
95391,1,37.7695,-121.5397
90069,1,34.0906,-118.3788
90034,1,34.029,-118.4005
95758,1,38.4243,-121.437
90002,1,33.9497,-118.2462
92708,1,33.7102,-117.9503
92879,1,33.8797,-117.5354
94590,1,38.1053,-122.2474
92394,1,34.5563,-117.3528
90745,1,33.823,-118.2684
95066,1,37.0597,-122.0152
90019,1,34.0482,-118.3343
95798,1,38.5805,-121.5291
91791,1,34.0653,-117.8978
90731,1,33.7339,-118.2914
95377,1,37.6567,-121.4955
92119,1,32.8036,-117.0261
94587,1,37.5895,-122.0497
94114,1,37.7587,-122.433
94301,1,37.4443,-122.1497
90703,1,33.8669,-118.0686
93437,1,34.7532,-120.5171
91001,1,34.1912,-118.1392
90036,1,34.0699,-118.3492
90004,1,34.0762,-118.3029
90047,1,33.9569,-118.3073
92118,1,32.6807,-117.1698
90622,1,33.8462,-118.0031
94533,1,38.2671,-122.0357
95121,1,37.3042,-121.8099
90302,1,33.9745,-118.3548
93926,1,36.49,-121.4103
95148,1,37.3304,-121.7913
91710,1,34.0125,-117.6844
91030,1,34.1109,-118.1547
92122,1,32.8577,-117.2115
92694,1,33.5472,-117.6238
93647,1,36.5464,-119.2815
94590,1,38.1053,-122.2474
92110,1,32.7635,-117.2028
95333,1,37.2496,-120.2667
90043,1,33.9871,-118.3321
91605,1,34.2057,-118.4001
90602,1,33.9693,-118.0337
90089,1,33.7866,-118.2987
90716,1,33.8296,-118.073
95148,1,37.3304,-121.7913
92878,1,33.8753,-117.5664
94110,1,37.7509,-122.4153
94521,1,37.9575,-121.975
91344,1,34.2771,-118.4992
90293,1,33.9577,-118.4373
90503,1,33.8397,-118.3542
94606,1,37.7957,-122.2429
90044,1,33.9551,-118.2901
94030,1,37.6004,-122.402
94806,1,37.9724,-122.3369
94117,1,37.7712,-122.4413
91342,1,34.3054,-118.4322
90640,1,34.0133,-118.113
91381,1,34.3775,-118.6131
94538,1,37.5308,-121.9712
90280,1,33.9462,-118.2013
90713,1,33.8473,-118.1115
95242,1,38.1308,-121.3345
93110,1,34.4418,-119.7647
95237,1,38.1613,-121.1424
92660,1,33.6295,-117.8684
94709,1,37.8784,-122.2655
91302,1,34.1419,-118.6641
93010,1,34.2313,-119.0464
91790,1,34.0673,-117.9366
91402,1,34.2262,-118.447
90247,1,33.8925,-118.2961
90250,1,33.9143,-118.3493
93306,1,35.3867,-118.9391
90650,1,33.9056,-118.0818
92232,1,32.6789,-115.4989
91405,1,34.2001,-118.4456
90028,1,34.1005,-118.3254
90212,1,34.0619,-118.3995
95832,1,38.4695,-121.4883
95663,1,38.8567,-121.1791
92101,1,32.7185,-117.1593
91786,1,34.1144,-117.6583
90057,1,34.0622,-118.2763
90047,1,33.9569,-118.3073
94131,1,37.745,-122.4383
90604,1,33.9299,-118.0121
94619,1,37.7878,-122.1884
92694,1,33.5472,-117.6238
92337,1,34.0498,-117.4706
90805,1,33.8635,-118.1801
91724,1,34.0938,-117.856
91303,1,34.1993,-118.5983
92880,1,33.9208,-117.6096
91306,1,34.2092,-118.5749
92880,1,33.9208,-117.6096
91902,1,32.6671,-117.0221
95742,1,38.5981,-121.2153
92508,1,33.8897,-117.3043
95252,1,38.162,-120.8572
92020,1,32.7928,-116.9665
92105,1,32.7423,-117.0947
91913,1,32.6513,-116.9852
90039,1,34.1121,-118.2594
94938,1,38.0139,-122.7016
92120,1,32.7958,-117.0707
92336,1,34.1173,-117.4378
90806,1,33.8045,-118.1876
90805,1,33.8635,-118.1801
93065,1,34.2656,-118.7653
92618,1,33.7074,-117.7054
92805,1,33.8359,-117.9086
95008,1,37.2803,-121.9539
92111,1,32.7972,-117.1708
90036,1,34.0699,-118.3492
90039,1,34.1121,-118.2594
91601,1,34.1687,-118.3713
91724,1,34.0938,-117.856
93543,1,34.4891,-117.9708
91502,1,34.1745,-118.3059
90274,1,33.7669,-118.3806
94066,1,37.6247,-122.429
90039,1,34.1121,-118.2594
90004,1,34.0762,-118.3029
90272,1,34.0481,-118.5265
92604,1,33.6899,-117.7868
92056,1,33.1968,-117.2831
94019,1,37.4791,-122.4459
92648,1,33.6773,-118.0051
92708,1,33.7102,-117.9503
93535,1,34.7131,-117.8783
90029,1,34.09,-118.2944
92234,1,33.8098,-116.4665
92679,1,33.6625,-117.5903
95765,1,38.8136,-121.2677
94568,1,37.7166,-121.9226
91107,1,34.151,-118.0889
92203,1,33.7532,-116.2676
91711,1,34.1092,-117.7183
94538,1,37.5308,-121.9712
94065,1,37.5331,-122.2486
90212,1,34.0619,-118.3995
90731,1,33.7339,-118.2914
90807,1,33.8315,-118.1811
94565,1,38.0031,-121.9172
95626,1,38.7233,-121.4497
94080,1,37.6574,-122.4235
94612,1,37.8085,-122.2668
92880,1,33.9208,-117.6096
92584,1,33.6647,-117.1743
90806,1,33.8045,-118.1876
95747,1,38.7703,-121.3372
92285,1,34.3103,-116.5241
91107,1,34.151,-118.0889
92407,1,34.2166,-117.3908
91107,1,34.151,-118.0889
93101,1,34.4197,-119.7078
90746,1,33.8584,-118.2554
91803,1,34.0745,-118.1434
95337,1,37.7808,-121.2344
94553,1,37.9864,-122.135
92335,1,34.0794,-117.4551
95948,1,39.3532,-121.7137
91765,1,34.0066,-117.8098
94597,1,37.9182,-122.0717
95762,1,38.685,-121.068
92123,1,32.7973,-117.1392
92101,1,32.7185,-117.1593
92407,1,34.2166,-117.3908
90245,1,33.9243,-118.4119
95662,1,38.6845,-121.2256
95132,1,37.4031,-121.8585
93406,1,35.2828,-120.6596
92101,1,32.7185,-117.1593
92592,1,33.4983,-117.0958
91606,1,34.1872,-118.3865
91343,1,34.2366,-118.4758
92084,1,33.2131,-117.2243
91902,1,32.6671,-117.0221
94591,1,38.0985,-122.2124
92503,1,33.9208,-117.4589
90036,1,34.0699,-118.3492
91364,1,34.1557,-118.6
91325,1,34.2353,-118.5188
94561,1,37.994,-121.7036
94063,1,37.4815,-122.2091
90715,1,33.8405,-118.0767
91335,1,34.2007,-118.5391
90021,1,34.0333,-118.2447
90301,1,33.955,-118.3556
91384,1,34.4827,-118.6254
91205,1,34.1378,-118.2425
90043,1,33.9871,-118.3321
92336,1,34.1173,-117.4378
93311,1,35.3039,-119.1056
91711,1,34.1092,-117.7183
92407,1,34.2166,-117.3908
94062,1,37.4245,-122.296
94043,1,37.4056,-122.0775
95377,1,37.6567,-121.4955
94505,1,37.8989,-121.6054
94519,1,37.9841,-122.0119
90680,1,33.7991,-117.9956
90028,1,34.1005,-118.3254
92337,1,34.0498,-117.4706
91913,1,32.6513,-116.9852
94568,1,37.7166,-121.9226
92029,1,33.0895,-117.1128
91724,1,34.0938,-117.856
94066,1,37.6247,-122.429
94158,1,37.7694,-122.3867
91362,1,34.1948,-118.8232
94116,1,37.7441,-122.4863
91316,1,34.1655,-118.5175
92618,1,33.7074,-117.7054
92804,1,33.8186,-117.9729
92154,1,32.5753,-117.0707
90047,1,33.9569,-118.3073
91205,1,34.1378,-118.2425
90404,1,34.0268,-118.4733
93551,1,34.6017,-118.231
94949,1,38.0618,-122.5404
92067,1,33.005,-117.2157
94561,1,37.994,-121.7036
91401,1,34.1802,-118.4324
90008,1,34.0116,-118.3411
93611,1,36.8253,-119.6802
90048,1,34.0737,-118.372
94508,1,38.5769,-122.4477
90065,1,34.1073,-118.2266
92614,1,33.6829,-117.8298
95843,1,38.7159,-121.3648
92618,1,33.7074,-117.7054
90745,1,33.823,-118.2684
95746,1,38.7435,-121.1897
93011,1,34.2164,-119.0376
90715,1,33.8405,-118.0767
94590,1,38.1053,-122.2474
91331,1,34.2556,-118.4208
95445,1,38.8251,-123.5399
92252,1,34.1502,-116.3038
91311,1,34.2583,-118.5914
90262,1,33.9241,-118.2013
91355,1,34.3985,-118.5535
95209,1,38.0377,-121.3445
90210,1,34.0901,-118.4065
91403,1,34.1514,-118.4603
91387,1,34.4132,-118.426
94608,1,37.8365,-122.2804
95672,1,38.7194,-120.9945
91377,1,34.185,-118.7669
95492,1,38.5443,-122.8073
94564,1,37.9969,-122.2875
94536,1,37.5605,-121.9999
91367,1,34.1767,-118.6159
91331,1,34.2556,-118.4208
95540,1,40.5835,-124.1473
92831,1,33.8873,-117.8946
94803,1,37.9693,-122.2901
92139,1,32.6806,-117.0474
91311,1,34.2583,-118.5914
95525,1,40.9374,-123.8913
92571,1,33.811,-117.218
90067,1,34.0551,-118.4095
91306,1,34.2092,-118.5749
90029,1,34.09,-118.2944
93012,1,34.2218,-118.9866
91739,1,34.1705,-117.5182
91325,1,34.2353,-118.5188
93036,1,34.2351,-119.182
94513,1,37.9324,-121.6894
92596,1,33.6243,-117.0885
93012,1,34.2218,-118.9866
91504,1,34.2001,-118.3264
92019,1,32.7777,-116.9191
93036,1,34.2351,-119.182
91745,1,33.9977,-117.9652
94618,1,37.8431,-122.2402
91307,1,34.1963,-118.6389
90046,1,34.1074,-118.3652
94086,1,37.3764,-122.0238
94579,1,37.6892,-122.1507
95822,1,38.5091,-121.4935
90059,1,33.9293,-118.2463
95570,1,41.0593,-124.1431
92807,1,33.8544,-117.7858
92683,1,33.7524,-117.9939
93013,1,34.4036,-119.5183
95125,1,37.296,-121.8939
96019,1,40.6969,-122.3683
92078,1,33.1193,-117.185
94565,1,38.0031,-121.9172
92104,1,32.7454,-117.1272
95660,1,38.6707,-121.3781
92276,1,33.8082,-116.3713
93722,1,36.7918,-119.8801
94804,1,37.9265,-122.3342
94030,1,37.6004,-122.402
91367,1,34.1767,-118.6159
94610,1,37.8126,-122.2443
95334,1,37.3763,-120.7252
94558,1,38.4549,-122.2564
91916,1,32.873,-116.6027
91976,1,32.7448,-116.9989
93117,1,34.4296,-119.8612
91302,1,34.1419,-118.6641
92683,1,33.7524,-117.9939
91342,1,34.3054,-118.4322
90028,1,34.1005,-118.3254
93311,1,35.3039,-119.1056
91604,1,34.143,-118.3913
92647,1,33.721,-118.0033
92563,1,33.569,-117.1783
92626,1,33.6801,-117.9085
94588,1,37.6873,-121.8957
95621,1,38.6952,-121.3075
91342,1,34.3054,-118.4322
92334,1,34.0922,-117.435
91761,1,34.0316,-117.6187
92346,1,34.1283,-117.2087
91204,1,34.1379,-118.2599
94621,1,37.7589,-122.1853
94086,1,37.3764,-122.0238
91730,1,34.107,-117.5941
90044,1,33.9551,-118.2901
90262,1,33.9241,-118.2013
90620,1,33.8439,-118.008
90038,1,34.0898,-118.3215
91950,1,32.6749,-117.0897
94547,1,38.0066,-122.2637
90232,1,34.0168,-118.3973
92376,1,34.1132,-117.3771
93619,1,36.8432,-119.6518
92114,1,32.7059,-117.0524
90245,1,33.9243,-118.4119
93703,1,36.7684,-119.7594
91302,1,34.1419,-118.6641
94543,1,37.6688,-122.0808
92509,1,34.0033,-117.445
91504,1,34.2001,-118.3264
92120,1,32.7958,-117.0707
94080,1,37.6574,-122.4235
94621,1,37.7589,-122.1853
94565,1,38.0031,-121.9172
93609,1,36.5358,-119.8446
92625,1,33.6021,-117.8743
96067,1,41.3174,-122.324
91915,1,32.6315,-116.9408
94124,1,37.7309,-122.3886
93065,1,34.2656,-118.7653
92249,1,32.7218,-115.4383
90262,1,33.9241,-118.2013
90305,1,33.9583,-118.3259
95903,1,39.1115,-121.3604
92802,1,33.8085,-117.9228
92602,1,33.7419,-117.7467
91367,1,34.1767,-118.6159
90028,1,34.1005,-118.3254
94117,1,37.7712,-122.4413
92120,1,32.7958,-117.0707
94124,1,37.7309,-122.3886
92571,1,33.811,-117.218
92660,1,33.6295,-117.8684
90017,1,34.0559,-118.2666
90012,1,34.0614,-118.2385
90059,1,33.9293,-118.2463
91732,1,34.0705,-118.0149
93727,1,36.7528,-119.7061
91350,1,34.4336,-118.5007
92506,1,33.9455,-117.3757
95211,1,37.9809,-121.311
93701,1,36.7487,-119.7867
92020,1,32.7928,-116.9665
90262,1,33.9241,-118.2013
91978,1,32.7329,-116.9596
95829,1,38.4689,-121.344
91307,1,34.1963,-118.6389
91980,1,32.5889,-116.6192
90008,1,34.0116,-118.3411
90040,1,33.9909,-118.1532
91911,1,32.6084,-117.0565
90201,1,33.9653,-118.1515
94579,1,37.6892,-122.1507
95056,1,37.3997,-121.9608
91708,1,33.954,-117.6404
95410,1,39.2131,-123.72
90805,1,33.8635,-118.1801
91601,1,34.1687,-118.3713
90040,1,33.9909,-118.1532
90301,1,33.955,-118.3556
92058,1,33.1959,-117.3795
92780,1,33.7364,-117.8229
92612,1,33.6607,-117.8264
91702,1,34.1248,-117.9031
90068,1,34.1156,-118.3305
91748,1,33.9818,-117.8969
91773,1,34.1023,-117.8169
90291,1,33.9938,-118.4635
90503,1,33.8397,-118.3542
94601,1,37.7806,-122.2166
91709,1,33.9797,-117.7308
95436,1,38.4923,-122.9042
91701,1,34.1376,-117.5999
91913,1,32.6513,-116.9852
90015,1,34.0434,-118.2716
95741,1,38.5891,-121.3016
95712,1,39.143,-120.9666
91604,1,34.143,-118.3913
90504,1,33.8708,-118.3295
90262,1,33.9241,-118.2013
94608,1,37.8365,-122.2804
94114,1,37.7587,-122.433
94104,1,37.7915,-122.4018
91745,1,33.9977,-117.9652
95206,1,37.9177,-121.3123
94605,1,37.7641,-122.1633
93535,1,34.7131,-117.8783
92880,1,33.9208,-117.6096
95645,1,38.8517,-121.7334
95054,1,37.3924,-121.9623
91307,1,34.1963,-118.6389
94591,1,38.0985,-122.2124
94037,1,37.5428,-122.5052
90043,1,33.9871,-118.3321
94589,1,38.1582,-122.2804
94518,1,37.9504,-122.0263
92116,1,32.7624,-117.1242
90017,1,34.0559,-118.2666
90723,1,33.8969,-118.1632
95691,1,38.5673,-121.5516
92114,1,32.7059,-117.0524
94080,1,37.6574,-122.4235
91344,1,34.2771,-118.4992
92354,1,34.0528,-117.2513
91791,1,34.0653,-117.8978
91739,1,34.1705,-117.5182
91401,1,34.1802,-118.4324
94598,1,37.9194,-122.0259
94124,1,37.7309,-122.3886
94605,1,37.7641,-122.1633
90250,1,33.9143,-118.3493
91608,1,34.1383,-118.3528
95843,1,38.7159,-121.3648
90068,1,34.1156,-118.3305
91601,1,34.1687,-118.3713
91601,1,34.1687,-118.3713
91708,1,33.954,-117.6404
95008,1,37.2803,-121.9539
93446,1,35.6406,-120.7003
91602,1,34.151,-118.3663
90250,1,33.9143,-118.3493
90016,1,34.0298,-118.3528
90265,1,34.0402,-118.7351
92614,1,33.6829,-117.8298
91977,1,32.724,-116.9976
93444,1,35.0298,-120.4894
94534,1,38.2423,-122.1314
94124,1,37.7309,-122.3886
92405,1,34.1446,-117.3013
93307,1,35.3275,-118.9839
91331,1,34.2556,-118.4208
92805,1,33.8359,-117.9086
92886,1,33.9058,-117.7865
94604,1,37.8044,-122.2708
93437,1,34.7532,-120.5171
94105,1,37.7864,-122.3892
92336,1,34.1173,-117.4378
91362,1,34.1948,-118.8232
90604,1,33.9299,-118.0121
92833,1,33.8766,-117.9551
92019,1,32.7777,-116.9191
90014,1,34.0443,-118.2509
94515,1,38.5823,-122.5814
92618,1,33.7074,-117.7054
90069,1,34.0906,-118.3788
95305,1,37.8235,-120.2582
94607,1,37.8071,-122.2851
95932,1,39.2345,-122.0277
94110,1,37.7509,-122.4153
91103,1,34.1669,-118.1551
92595,1,33.6021,-117.264
94063,1,37.4815,-122.2091
92264,1,33.8018,-116.517
95037,1,37.1353,-121.6501
90005,1,34.0585,-118.3012
91040,1,34.2618,-118.3371
92507,1,33.9761,-117.3389
95132,1,37.4031,-121.8585
95076,1,36.9102,-121.7569
95035,1,37.4352,-121.895
92335,1,34.0794,-117.4551
90047,1,33.9569,-118.3073
90003,1,33.9653,-118.2727
92227,1,32.9792,-115.5296
91504,1,34.2001,-118.3264
90004,1,34.0762,-118.3029
90004,1,34.0762,-118.3029
91367,1,34.1767,-118.6159
95961,1,39.0861,-121.5497
92660,1,33.6295,-117.8684
90065,1,34.1073,-118.2266
90045,1,33.9631,-118.3941
92251,1,32.847,-115.573
91604,1,34.143,-118.3913
90810,1,33.8193,-118.2325
90255,1,33.9769,-118.2161
92508,1,33.8897,-117.3043
92123,1,32.7973,-117.1392
92821,1,33.9291,-117.8845
91307,1,34.1963,-118.6389
91040,1,34.2618,-118.3371
92082,1,33.249,-117.0122
90302,1,33.9745,-118.3548
91602,1,34.151,-118.3663
91733,1,34.0557,-118.0444
94507,1,37.8537,-122.0229
95843,1,38.7159,-121.3648
95018,1,37.0662,-122.0618
90305,1,33.9583,-118.3259
90017,1,34.0559,-118.2666
94578,1,37.7024,-122.124
91361,1,34.1472,-118.8383
90302,1,33.9745,-118.3548
92069,1,33.1444,-117.1697
92867,1,33.811,-117.8493
90723,1,33.8969,-118.1632
92210,1,33.7163,-116.3381
90650,1,33.9056,-118.0818
90046,1,34.1074,-118.3652
90706,1,33.8867,-118.1265
92663,1,33.621,-117.9321
92127,1,33.0279,-117.0856
90815,1,33.7939,-118.1192
92407,1,34.2166,-117.3908
93581,1,35.1322,-118.449
92382,1,34.2102,-117.1109
91730,1,34.107,-117.5941
93108,1,34.4378,-119.6159
94105,1,37.7864,-122.3892
91307,1,34.1963,-118.6389
92707,1,33.7086,-117.8701
91601,1,34.1687,-118.3713
92596,1,33.6243,-117.0885
93257,1,36.0686,-119.0315
90048,1,34.0737,-118.372
95713,1,39.0783,-120.9549
92504,1,33.9315,-117.4119
91708,1,33.954,-117.6404
92866,1,33.7877,-117.8423
95127,1,37.3692,-121.8208
92592,1,33.4983,-117.0958
90201,1,33.9653,-118.1515
91411,1,34.1781,-118.4574
92140,1,32.7434,-117.2004
90262,1,33.9241,-118.2013
94521,1,37.9575,-121.975
92128,1,33.0067,-117.069
90713,1,33.8473,-118.1115
94403,1,37.5395,-122.2998
94602,1,37.8011,-122.2104
92805,1,33.8359,-117.9086
92310,1,35.2625,-116.6966
91107,1,34.151,-118.0889
92310,1,35.2625,-116.6966
90220,1,33.8748,-118.2402
94507,1,37.8537,-122.0229
93455,1,34.8286,-120.4268
94503,1,38.1668,-122.2553
94503,1,38.1668,-122.2553
91502,1,34.1745,-118.3059
93536,1,34.7471,-118.3687
91411,1,34.1781,-118.4574
92386,1,34.2372,-116.8277
92018,1,33.1581,-117.3506
92548,1,33.7453,-117.1118
90706,1,33.8867,-118.1265
95123,1,37.2458,-121.8306
94545,1,37.6332,-122.0971
92648,1,33.6773,-118.0051
90230,1,33.9949,-118.3991
91304,1,34.2197,-118.6111
93726,1,36.7949,-119.7604
91504,1,34.2001,-118.3264
91764,1,34.0763,-117.6254
92704,1,33.7249,-117.909
92234,1,33.8098,-116.4665
91381,1,34.3775,-118.6131
92336,1,34.1173,-117.4378
93109,1,34.4038,-119.7194
93619,1,36.8432,-119.6518
92879,1,33.8797,-117.5354
93551,1,34.6017,-118.231
91977,1,32.724,-116.9976
92585,1,33.7467,-117.1721
90278,1,33.8707,-118.3715
94506,1,37.8321,-121.9167
91401,1,34.1802,-118.4324
91406,1,34.2006,-118.4868
91784,1,34.141,-117.6581
90008,1,34.0116,-118.3411
95020,1,37.0139,-121.5773
92220,1,33.9282,-116.8899
91387,1,34.4132,-118.426
91360,1,34.2092,-118.8739
92567,1,33.8123,-117.1048
94951,1,38.3153,-122.6483
94027,1,37.4563,-122.2002
94705,1,37.8571,-122.25
94552,1,37.7131,-122.0381
91761,1,34.0316,-117.6187
94587,1,37.5895,-122.0497
90231,1,34.0211,-118.3965
90056,1,33.9853,-118.3707
90006,1,34.0493,-118.2917
91335,1,34.2007,-118.5391
93705,1,36.7863,-119.8286
94080,1,37.6574,-122.4235
90503,1,33.8397,-118.3542
94551,1,37.7526,-121.77
94925,1,37.9223,-122.5132
91915,1,32.6315,-116.9408
90024,1,34.0637,-118.4408
95382,1,37.5239,-120.8517
90094,1,33.9728,-118.4276
90032,1,34.0818,-118.1753
95372,1,37.9926,-120.2624
95365,1,37.2908,-120.3185
94124,1,37.7309,-122.3886
94521,1,37.9575,-121.975
96035,1,40.043,-122.1649
91356,1,34.1671,-118.5414
95776,1,38.6808,-121.7411
96047,1,40.4318,-122.654
95453,1,39.047,-122.9328
92648,1,33.6773,-118.0051
91766,1,34.0418,-117.7569
93454,1,34.9545,-120.4325
91311,1,34.2583,-118.5914
94568,1,37.7166,-121.9226
92584,1,33.6647,-117.1743
95425,1,38.7931,-123.0074
90303,1,33.9377,-118.3321
93036,1,34.2351,-119.182
91406,1,34.2006,-118.4868
91325,1,34.2353,-118.5188
90746,1,33.8584,-118.2554
90008,1,34.0116,-118.3411
95403,1,38.4822,-122.7473
95943,1,39.6069,-122.0384
91709,1,33.9797,-117.7308
94133,1,37.8002,-122.4091
95969,1,39.7555,-121.6069
95694,1,38.5322,-121.9676
90501,1,33.8268,-118.3118
92629,1,33.4743,-117.6964
92833,1,33.8766,-117.9551
95355,1,37.6717,-120.9482
90062,1,34.0032,-118.3073
94612,1,37.8085,-122.2668
90280,1,33.9462,-118.2013
90403,1,34.0287,-118.4924
92562,1,33.5631,-117.2738
94928,1,38.347,-122.6941
90024,1,34.0637,-118.4408
94566,1,37.6658,-121.8755
93923,1,36.5457,-121.8949
94010,1,37.5671,-122.3676
92507,1,33.9761,-117.3389
91387,1,34.4132,-118.426
92375,1,34.0556,-117.1825
95133,1,37.3729,-121.856
91351,1,34.4262,-118.449
94903,1,38.0339,-122.5855
91303,1,34.1993,-118.5983
94587,1,37.5895,-122.0497
90018,1,34.029,-118.3152
95376,1,37.7383,-121.4345
94401,1,37.5735,-122.3225
94614,1,37.7277,-122.2046
93704,1,36.7991,-119.8016
94531,1,37.9658,-121.7758
94080,1,37.6574,-122.4235
90802,1,33.7706,-118.182
95835,1,38.6626,-121.4834
92504,1,33.9315,-117.4119
95404,1,38.4405,-122.7144
94803,1,37.9693,-122.2901
91325,1,34.2353,-118.5188
91607,1,34.1672,-118.3989
95051,1,37.3483,-121.9844
94509,1,37.9939,-121.8089
91739,1,34.1705,-117.5182
91739,1,34.1705,-117.5182
91739,1,34.1705,-117.5182
91401,1,34.1802,-118.4324
92154,1,32.5753,-117.0707
95210,1,38.025,-121.2972
92404,1,34.1426,-117.2606
90250,1,33.9143,-118.3493
95125,1,37.296,-121.8939
92562,1,33.5631,-117.2738
94541,1,37.674,-122.0894
90640,1,34.0133,-118.113
90712,1,33.8512,-118.1457
90047,1,33.9569,-118.3073
91324,1,34.2367,-118.5466
93455,1,34.8286,-120.4268
91307,1,34.1963,-118.6389
93389,1,35.2944,-118.9052
94578,1,37.7024,-122.124
94513,1,37.9324,-121.6894
91739,1,34.1705,-117.5182
90723,1,33.8969,-118.1632
92646,1,33.6654,-117.9686
95838,1,38.6406,-121.444
91206,1,34.1556,-118.2322
94541,1,37.674,-122.0894
92672,1,33.4361,-117.6231
90073,1,33.7866,-118.2987
95382,1,37.5239,-120.8517
92880,1,33.9208,-117.6096
92335,1,34.0794,-117.4551
90280,1,33.9462,-118.2013
91601,1,34.1687,-118.3713
90065,1,34.1073,-118.2266
95123,1,37.2458,-121.8306
92879,1,33.8797,-117.5354
90222,1,33.9099,-118.2357
91303,1,34.1993,-118.5983
93722,1,36.7918,-119.8801
95030,1,37.2296,-121.9834
92509,1,34.0033,-117.445
92584,1,33.6647,-117.1743
90712,1,33.8512,-118.1457
90038,1,34.0898,-118.3215
92860,1,33.9247,-117.5517
92129,1,32.9652,-117.1213
92324,1,34.0315,-117.2874
90005,1,34.0585,-118.3012
91739,1,34.1705,-117.5182
95207,1,38.0024,-121.3238
91311,1,34.2583,-118.5914
93117,1,34.4296,-119.8612
95377,1,37.6567,-121.4955
90241,1,33.9416,-118.1306
90043,1,33.9871,-118.3321
93261,1,35.805,-119.1315
90743,1,33.7264,-118.0833
91950,1,32.6749,-117.0897
91950,1,32.6749,-117.0897
90802,1,33.7706,-118.182
90710,1,33.797,-118.2991
92064,1,32.9756,-117.0402
91764,1,34.0763,-117.6254
95678,1,38.7609,-121.2867
92685,1,33.7528,-117.9951
90012,1,34.0614,-118.2385
92584,1,33.6647,-117.1743
93306,1,35.3867,-118.9391
93256,1,35.9553,-119.2564
91202,1,34.1652,-118.2656
93534,1,34.6909,-118.1491
94804,1,37.9265,-122.3342
94591,1,38.0985,-122.2124
92236,1,33.675,-116.1772
94551,1,37.7526,-121.77
90024,1,34.0637,-118.4408
90241,1,33.9416,-118.1306
94565,1,38.0031,-121.9172
91042,1,34.2544,-118.2849
90249,1,33.8998,-118.3199
91367,1,34.1767,-118.6159
92806,1,33.8356,-117.8681
94501,1,37.7706,-122.2648
93646,1,36.6255,-119.3204
95020,1,37.0139,-121.5773
95490,1,39.4493,-123.3679
90250,1,33.9143,-118.3493
94573,1,38.4585,-122.4225
91335,1,34.2007,-118.5391
90303,1,33.9377,-118.3321
92046,1,33.1192,-117.0864
94109,1,37.7917,-122.4186
92627,1,33.6483,-117.9155
92040,1,32.8562,-116.9201
94568,1,37.7166,-121.9226
92236,1,33.675,-116.1772
92704,1,33.7249,-117.909
91504,1,34.2001,-118.3264
91364,1,34.1557,-118.6
90045,1,33.9631,-118.3941
92130,1,32.9555,-117.2252
92105,1,32.7423,-117.0947
92649,1,33.718,-118.0505
91020,1,34.2114,-118.2305
95531,1,41.7817,-124.1332
92677,1,33.5145,-117.7084
94611,1,37.8471,-122.2223
90278,1,33.8707,-118.3715
93906,1,36.7103,-121.6438
95148,1,37.3304,-121.7913
95350,1,37.6746,-121.0113
90015,1,34.0434,-118.2716
92804,1,33.8186,-117.9729
91601,1,34.1687,-118.3713
90026,1,34.0766,-118.2646
92805,1,33.8359,-117.9086
93523,1,34.9261,-117.9351
93737,1,36.7477,-119.7724
90044,1,33.9551,-118.2901
94531,1,37.9658,-121.7758
90638,1,33.9067,-118.0101
90015,1,34.0434,-118.2716
91710,1,34.0125,-117.6844
92603,1,33.6245,-117.794
93215,1,35.7715,-119.2459
91745,1,33.9977,-117.9652
95630,1,38.6709,-121.1529
91306,1,34.2092,-118.5749
92394,1,34.5563,-117.3528
91602,1,34.151,-118.3663
96145,1,39.1806,-120.1445
91352,1,34.2209,-118.3699
90805,1,33.8635,-118.1801
90047,1,33.9569,-118.3073
91381,1,34.3775,-118.6131
92201,1,33.7207,-116.2168
94134,1,37.719,-122.4096
91729,1,34.1064,-117.5931
90623,1,33.8491,-118.0398
94546,1,37.7015,-122.0782
92506,1,33.9455,-117.3757
93465,1,35.5551,-120.7107
91776,1,34.089,-118.0955
92277,1,34.1455,-116.0601
90044,1,33.9551,-118.2901
90221,1,33.8796,-118.2168
94544,1,37.6374,-122.067
90014,1,34.0443,-118.2509
92653,1,33.5916,-117.6985
91752,1,33.9938,-117.5236
95682,1,38.6465,-120.9641
94560,1,37.5368,-122.032
91010,1,34.1407,-117.9567
90066,1,34.003,-118.4298
90222,1,33.9099,-118.2357
90832,1,33.767,-118.1892
93427,1,34.6209,-120.1922
92350,1,34.0483,-117.2612
91423,1,34.1526,-118.4322
93063,1,34.3046,-118.6844
92260,1,33.7225,-116.377
93614,1,37.2214,-119.7455
93010,1,34.2313,-119.0464
91801,1,34.0914,-118.1293
91732,1,34.0705,-118.0149
91010,1,34.1407,-117.9567
92627,1,33.6483,-117.9155
94605,1,37.7641,-122.1633
90807,1,33.8315,-118.1811
90039,1,34.1121,-118.2594
92270,1,33.7643,-116.4225
94404,1,37.5538,-122.27
90010,1,34.0606,-118.3027
92860,1,33.9247,-117.5517
95054,1,37.3924,-121.9623
93428,1,35.5566,-121.084
93402,1,35.3172,-120.8333
95124,1,37.2563,-121.9229
95841,1,38.6627,-121.3406
94061,1,37.4647,-122.2304
93725,1,36.6207,-119.7308
90746,1,33.8584,-118.2554
90020,1,34.0665,-118.3022
92883,1,33.7541,-117.474
91352,1,34.2209,-118.3699
92831,1,33.8873,-117.8946
90274,1,33.7669,-118.3806
92626,1,33.6801,-117.9085
92404,1,34.1426,-117.2606
92373,1,34.0397,-117.1804
90250,1,33.9143,-118.3493
91501,1,34.1862,-118.3009
90039,1,34.1121,-118.2594
92220,1,33.9282,-116.8899
90040,1,33.9909,-118.1532
90301,1,33.955,-118.3556
95688,1,38.3847,-121.9887
90723,1,33.8969,-118.1632
90028,1,34.1005,-118.3254
91367,1,34.1767,-118.6159
90620,1,33.8439,-118.008
90802,1,33.7706,-118.182
90016,1,34.0298,-118.3528
95236,1,38.032,-121.0493
90249,1,33.8998,-118.3199
95206,1,37.9177,-121.3123
92336,1,34.1173,-117.4378
95833,1,38.6157,-121.5053
92055,1,33.2433,-117.3768
91326,1,34.2619,-118.582
92130,1,32.9555,-117.2252
95054,1,37.3924,-121.9623
91604,1,34.143,-118.3913
94661,1,37.8044,-122.2708
91306,1,34.2092,-118.5749
91381,1,34.3775,-118.6131
90504,1,33.8708,-118.3295
90019,1,34.0482,-118.3343
90280,1,33.9462,-118.2013
90046,1,34.1074,-118.3652
93206,1,35.4033,-119.4659
91790,1,34.0673,-117.9366
91214,1,34.2316,-118.2457
91402,1,34.2262,-118.447
91402,1,34.2262,-118.447
91402,1,34.2262,-118.447
90601,1,34.0011,-118.0371
94061,1,37.4647,-122.2304
93250,1,35.6758,-119.2272
95269,1,38.0187,-121.3225
95542,1,40.0864,-123.7991
91352,1,34.2209,-118.3699
91739,1,34.1705,-117.5182
90501,1,33.8268,-118.3118
92816,1,33.8401,-117.8867
94544,1,37.6374,-122.067
90731,1,33.7339,-118.2914
91801,1,34.0914,-118.1293
91708,1,33.954,-117.6404
95709,1,38.747,-120.6743
93612,1,36.8149,-119.7106
91739,1,34.1705,-117.5182
92517,1,33.9533,-117.3962
90301,1,33.955,-118.3556
90028,1,34.1005,-118.3254
93309,1,35.3384,-119.0627
92868,1,33.7875,-117.8776
92584,1,33.6647,-117.1743
91745,1,33.9977,-117.9652
91604,1,34.143,-118.3913
91343,1,34.2366,-118.4758
92649,1,33.718,-118.0505
90048,1,34.0737,-118.372
95112,1,37.3476,-121.887
95303,1,37.4548,-120.6931
94537,1,37.6802,-121.9215
90802,1,33.7706,-118.182
92336,1,34.1173,-117.4378
90048,1,34.0737,-118.372
91606,1,34.1872,-118.3865
92344,1,34.4239,-117.4075
92782,1,33.7346,-117.7869
91326,1,34.2619,-118.582
94534,1,38.2423,-122.1314
91602,1,34.151,-118.3663
94063,1,37.4815,-122.2091
92881,1,33.8241,-117.5198
93103,1,34.4291,-119.6833
90024,1,34.0637,-118.4408
90280,1,33.9462,-118.2013
94591,1,38.0985,-122.2124
93501,1,35.0478,-118.1735
94513,1,37.9324,-121.6894
95204,1,37.9743,-121.3154
94534,1,38.2423,-122.1314
91785,1,34.1144,-117.6583
94505,1,37.8989,-121.6054
91752,1,33.9938,-117.5236
92131,1,32.9123,-117.0898
90806,1,33.8045,-118.1876
92124,1,32.8201,-117.0986
91506,1,34.1717,-118.3231
92886,1,33.9058,-117.7865
91607,1,34.1672,-118.3989
90043,1,33.9871,-118.3321
90046,1,34.1074,-118.3652
90062,1,34.0032,-118.3073
93536,1,34.7471,-118.3687
93270,1,35.957,-119.0312
90249,1,33.8998,-118.3199
90250,1,33.9143,-118.3493
92155,1,32.6716,-117.1657
92336,1,34.1173,-117.4378
90047,1,33.9569,-118.3073
90014,1,34.0443,-118.2509
90247,1,33.8925,-118.2961
92101,1,32.7185,-117.1593
90048,1,34.0737,-118.372
90301,1,33.955,-118.3556
90221,1,33.8796,-118.2168
91103,1,34.1669,-118.1551
90001,1,33.9731,-118.2479
92399,1,34.0282,-117.0489
93612,1,36.8149,-119.7106
95138,1,37.2602,-121.7709
90278,1,33.8707,-118.3715
91601,1,34.1687,-118.3713
94541,1,37.674,-122.0894
92509,1,34.0033,-117.445
94565,1,38.0031,-121.9172
91354,1,34.4466,-118.5374
92584,1,33.6647,-117.1743
92107,1,32.7425,-117.2433
90016,1,34.0298,-118.3528
90302,1,33.9745,-118.3548
91304,1,34.2197,-118.6111
94601,1,37.7806,-122.2166
90806,1,33.8045,-118.1876
95225,1,38.1838,-120.8894
93704,1,36.7991,-119.8016
90240,1,33.9581,-118.1174
90046,1,34.1074,-118.3652
90254,1,33.8643,-118.3955
90254,1,33.8643,-118.3955
95138,1,37.2602,-121.7709
93454,1,34.9545,-120.4325
76118,1,32.8013,-97.1952
95320,1,37.7983,-121.0006
93461,1,35.6513,-120.372
90027,1,34.104,-118.2925
90802,1,33.7706,-118.182
94080,1,37.6574,-122.4235
95757,1,38.4081,-121.4294
93410,1,35.3471,-120.4553
90260,1,33.8879,-118.351
94619,1,37.7878,-122.1884
91601,1,34.1687,-118.3713
90805,1,33.8635,-118.1801
95376,1,37.7383,-121.4345
95676,1,38.8702,-121.7052
95118,1,37.2568,-121.8896
95116,1,37.3518,-121.8508
90035,1,34.0531,-118.3806
91302,1,34.1419,-118.6641
90303,1,33.9377,-118.3321
92647,1,33.721,-118.0033
93060,1,34.3547,-119.0713
94803,1,37.9693,-122.2901
90043,1,33.9871,-118.3321
91614,1,34.1486,-118.3965
95337,1,37.7808,-121.2344
90042,1,34.1145,-118.1929
91320,1,34.1774,-118.9358
94605,1,37.7641,-122.1633
93723,1,36.7863,-119.9532
90292,1,33.9779,-118.4525
91103,1,34.1669,-118.1551
92618,1,33.7074,-117.7054
91950,1,32.6749,-117.0897
90036,1,34.0699,-118.3492
92193,1,32.7153,-117.1573
96041,1,40.5504,-123.1634
91201,1,34.1716,-118.2899
90232,1,34.0168,-118.3973
95608,1,38.6284,-121.3287
93314,1,35.3863,-119.17
94062,1,37.4245,-122.296
90016,1,34.0298,-118.3528
94014,1,37.6875,-122.4388
93314,1,35.3863,-119.17
94513,1,37.9324,-121.6894
92586,1,33.7044,-117.1969
90746,1,33.8584,-118.2554
92503,1,33.9208,-117.4589
90266,1,33.8896,-118.3996
92504,1,33.9315,-117.4119
93010,1,34.2313,-119.0464
95864,1,38.5878,-121.3769
95128,1,37.3163,-121.9356
91604,1,34.143,-118.3913
95776,1,38.6808,-121.7411
91406,1,34.2006,-118.4868
94121,1,37.7786,-122.4892
92126,1,32.9161,-117.1402
90016,1,34.0298,-118.3528
94089,1,37.3983,-122.0006
92804,1,33.8186,-117.9729
91748,1,33.9818,-117.8969
94578,1,37.7024,-122.124
95030,1,37.2296,-121.9834
95136,1,37.2685,-121.849
94546,1,37.7015,-122.0782
96148,1,39.2448,-120.0521
91304,1,34.2197,-118.6111
93437,1,34.7532,-120.5171
92116,1,32.7624,-117.1242
91362,1,34.1948,-118.8232
90502,1,33.8286,-118.292
92592,1,33.4983,-117.0958
95322,1,37.2001,-121.0047
95927,1,39.8117,-121.9398
95762,1,38.685,-121.068
90623,1,33.8491,-118.0398
92840,1,33.7869,-117.9273
92870,1,33.8744,-117.8543
90301,1,33.955,-118.3556
91746,1,34.0443,-117.9862
95687,1,38.3482,-121.9538
92683,1,33.7524,-117.9939
90040,1,33.9909,-118.1532
90029,1,34.09,-118.2944
90007,1,34.0294,-118.2871
91031,1,34.1161,-118.1503
96002,1,40.5486,-122.3339
91942,1,32.7835,-117.0189
91343,1,34.2366,-118.4758
91603,1,34.1722,-118.379
90026,1,34.0766,-118.2646
90221,1,33.8796,-118.2168
90201,1,33.9653,-118.1515
90263,1,34.005,-118.8101
90640,1,34.0133,-118.113
90035,1,34.0531,-118.3806
94606,1,37.7957,-122.2429
92020,1,32.7928,-116.9665
92628,1,33.6401,-117.9159
93254,1,34.9967,-119.8238
91204,1,34.1379,-118.2599
92392,1,34.4802,-117.4082
92592,1,33.4983,-117.0958
95818,1,38.5568,-121.4929
94103,1,37.7725,-122.4147
95604,1,38.9029,-121.067
92801,1,33.8428,-117.9546
95035,1,37.4352,-121.895
91767,1,34.0812,-117.7362
91755,1,34.048,-118.115
95988,1,39.5353,-122.2597
91790,1,34.0673,-117.9366
91501,1,34.1862,-118.3009
92374,1,34.065,-117.1672
90043,1,33.9871,-118.3321
92335,1,34.0794,-117.4551
90003,1,33.9653,-118.2727
90022,1,34.0245,-118.1561
92592,1,33.4983,-117.0958
94920,1,37.8843,-122.4637
92870,1,33.8744,-117.8543
92653,1,33.5916,-117.6985
95834,1,38.6383,-121.5072
91963,1,32.6205,-116.6037
92868,1,33.7875,-117.8776
94611,1,37.8471,-122.2223
90062,1,34.0032,-118.3073
95321,1,37.8298,-120.1037
94115,1,37.7856,-122.4358
90033,1,34.0487,-118.2084
90023,1,34.0245,-118.1975
94063,1,37.4815,-122.2091
90012,1,34.0614,-118.2385
92506,1,33.9455,-117.3757
94954,1,38.2507,-122.6155
91108,1,34.1207,-118.1117
91335,1,34.2007,-118.5391
94551,1,37.7526,-121.77
91331,1,34.2556,-118.4208
91331,1,34.2556,-118.4208
95116,1,37.3518,-121.8508
90017,1,34.0559,-118.2666
94123,1,37.7999,-122.4342
91746,1,34.0443,-117.9862
95023,1,36.8337,-121.3439
